,baseline,corrupted,imputed
F1_micro,0.0,0.0,0.00014433756729751875
F1_macro,0.0,0.0,0.00013562185184942945
F1_weighted,0.0,0.0,0.00013300348399315493
