,baseline,corrupted,imputed
F1_micro,0.7275000000000001,0.0,0.7274166666666667
F1_macro,0.7258073981043492,0.0,0.7257143886966334
F1_weighted,0.7275831976231387,0.0,0.7274914987113354
