{"mean": 0.5313186645507812, "std": 0.06009132887977471}