,train,test
MAE,0.23094010767585055,0.23094010767585055
MSE,0.09237604307034028,0.6466323014923809
RMSE,0.23094010767585055,0.3999999999999999
