,train,test
MAE,0.13333333333333344,0.13333333333333344
MSE,0.05333333333333343,0.7466666666666667
RMSE,0.13333333333333344,0.8000000000000002
