,baseline,corrupted,imputed
F1_micro,0.7174999999999999,0.0,0.7166666666666665
F1_macro,0.7154312430684847,0.0,0.7145891505696346
F1_weighted,0.7174392870862277,0.0,0.7165095618701498
