,baseline,corrupted,imputed
F1_micro,1.3597399555105182e-16,0.0,0.001040832999733103
F1_macro,1.3597399555105182e-16,0.0,0.0010442981933832757
F1_weighted,0.0,0.0,0.0010192712249366927
