{"mean": 9.920908212661743, "std": 0.7330534935953807}