,train,test
MAE,1.5499660408194593,1.5499660408194593
MSE,4.19233456266458,3.709136951152962
RMSE,2.0441171570050254,1.9195192543191435
