,train,test
MAE,0.06947907324793295,0.06947907324793295
MSE,0.6025628488804915,0.7162658324189229
RMSE,0.14449711641901644,0.19202649602740382
