,baseline,corrupted,imputed
MAE,0.0,0.0,0.01472870160770166
MSE,0.0,0.0,0.09878561591084814
RMSE,1.0877919644084146e-15,0.0,0.007528760437519625
