,baseline,corrupted,imputed
MAE,4.937485499741393,0.0,4.926089375481664
MSE,43.08124380950745,0.0,43.05759129801075
RMSE,6.563630383370733,0.0,6.561825470846884
