{"mean": 59.5245201587677, "std": 13.045841968033963}