,train,test
MAE,0.011058159021304779,0.010404735049858319
MSE,0.011524655737187538,0.010055612710354723
RMSE,0.01200309738371654,0.01048275916972459
