,train,test
MAE,0.4024030359940703,0.4058773876087273
MSE,0.22766940807631664,0.2315289827121175
RMSE,0.47704649512576996,0.4810984555011346
