,baseline,corrupted,imputed
F1_micro,0.687,0,0.6885
F1_macro,0.6836818939764208,0,0.6847932455590761
F1_weighted,0.685880371959694,0,0.6870285153643975
