,baseline,corrupted,imputed
F1_micro,0.687,0,0.693
F1_macro,0.6836818939764208,0,0.6891936540121427
F1_weighted,0.685880371959694,0,0.6911366797219374
