,train,test
MAE,1.531226090605268,1.531226090605268
MSE,4.104039604723363,3.5928134820006115
RMSE,2.025842936834779,1.895471836245691
