,train,test
MAE,1.4752643228020366,1.4752643228020366
MSE,3.5926978686841378,3.5061256759781347
RMSE,1.895441338761012,1.8724651334479194
