,train,test
MAE,1.4464172745953088,1.4464172745953088
MSE,3.7209204404430944,4.130066671676883
RMSE,1.9289687505097366,2.0322565467176834
