{"mean": 0.0006744861602783203, "std": 0.00020835233069584706}