,baseline,corrupted,imputed
F1_micro,0.7275000000000001,0,0.72725
F1_macro,0.7258073981043492,0,0.7255587729289169
F1_weighted,0.7275831976231387,0,0.7273389561959834
