,train,test
MAE,0.0,0.0
MSE,0.0,0.6399999999999997
RMSE,0.0,0.7999999999999998
