,baseline,corrupted,imputed
F1_micro,0.0,0.0,0.00038188130791283557
F1_macro,0.0,0.0,0.00033680945770437926
F1_weighted,0.0,0.0,0.00033040599037845566
