,baseline,corrupted,imputed
F1_micro,0.72775,0.0,0.7278333333333333
F1_macro,0.7260206201159712,0.0,0.7261056371944345
F1_weighted,0.7278145291776207,0.0,0.7278961117127096
