{"mean": 1.6050087610880535, "std": 0.00427445476873384}