,train,test
MAE,0.3983716857408415,0.3983716857408415
MSE,0.2748764631611804,0.48402711012228794
RMSE,0.3983716857408415,0.41581245772583586
