,train,test
MAE,0.22999999999999984,0.22999999999999984
MSE,0.15869999999999976,0.3456666666666668
RMSE,0.22999999999999984,0.48000000000000015
