,baseline,corrupted,imputed
F1_micro,0.7280000000000001,0.0,0.7279166666666667
F1_macro,0.7261729228423456,0.0,0.726133736521397
F1_weighted,0.7280064798772168,0.0,0.7279703827997032
