,baseline,corrupted,imputed
F1_micro,1.3597399555105182e-16,0.0,0.00014433756729739054
F1_macro,0.0,0.0,0.00014334285830556326
F1_weighted,0.0,0.0,0.00012378260983763646
