{"mean": 11.05616037050883, "std": 1.0425413090601563}