,train,test
MAE,0.8863785820131561,0.8863785820131561
MSE,1.6183090258016852,4.343257917301254
RMSE,0.8863785820131561,1.4356939188444264
