,train,test
MAE,0.9247265656789144,0.9247265656789144
MSE,1.3788972150400884,4.258087266044129
RMSE,0.9247265656789144,1.698217471440633
