,baseline,corrupted,imputed
F1_micro,0.9386446886446885,0.0,0.933150183150183
F1_macro,0.9195564669248878,0.0,0.923106435466955
F1_weighted,0.9382119133998833,0.0,0.9330306827903397
