,baseline,corrupted,imputed
F1_micro,0.9148351648351648,0.0,0.9258241758241758
F1_macro,0.9091870731584631,0.0,0.9175272576122939
F1_weighted,0.9148691269842729,0.0,0.9257968599825621
