,baseline,corrupted,imputed
F1_micro,0.9304029304029303,0.0,0.9435286935286934
F1_macro,0.9247358910775242,0.0,0.9309643083847865
F1_weighted,0.9304166752507216,0.0,0.9438327297134773
