,baseline,corrupted,imputed
F1_micro,0.9285714285714285,0.0,0.9307081807081806
F1_macro,0.9285975929942977,0.0,0.9284576042982629
F1_weighted,0.9285018861391706,0.0,0.9307279327555218
