{"mean": 0.09258850415547688, "std": 0.0005278747971677187}