{"mean": 0.09210014343261719, "std": 0.00537526868054836}