{"mean": 0.0961769421895345, "std": 0.007266483609105375}