{"mean": 0.09064523379007976, "std": 0.006674120303998487}