,train,test
MAE,0.008236122381094791,0.037649039721355235
MSE,0.03272988740182589,0.03868337080643346
RMSE,0.0653644357319033,0.08803214382878011
