,train,test
MAE,0.293727012289329,0.2715752373363009
MSE,0.4028758853128008,0.3277768188047367
RMSE,0.6324352703385547,0.568913245767163
