,train,test
MAE,0.026317594711085274,0.03223563063096345
MSE,0.08595210183962568,0.0892199016324592
RMSE,0.0659717455953692,0.0785608451654665
