,train,test
MAE,0.24843158266411958,0.2546759380058467
MSE,0.1794510460338644,0.16930749728612496
RMSE,0.42330160662564725,0.41142648042204716
