,train,test
MAE,0.08547334010764009,0.10308822008547007
MSE,0.05735275118478187,0.06523761472652422
RMSE,0.23346179890026644,0.2450942182681255
