,train,test
MAE,0.010568372371823492,0.00696195228459814
MSE,0.01672897440577274,0.006053270343656923
RMSE,0.020004844238713567,0.007322754978673079
