,train,test
MAE,0.2522221273580032,0.2173678371442774
MSE,0.21284951354621173,0.13765207915754277
RMSE,0.4609517270496834,0.36807260351838095
