,train,test
MAE,0.006454136174502298,0.03156144540624668
MSE,0.02188413261502104,0.04037532100971554
RMSE,0.023654350851140215,0.05711354082102852
