,train,test
MAE,1.7778019905090332,1.7778019905090332
MSE,3.1605799174578806,0.0170493795449147
RMSE,1.7778019905090332,0.13057327270507812
