,train,test
MAE,0.008430004119873047,0.008430004119873047
MSE,7.106496946107654e-05,4.0603983734518465
RMSE,0.008430004119873047,2.015043020248413
