,train,test
MAE,0.9879477024078369,0.9879477024078369
MSE,0.9760406626929239,8.696814045135625
RMSE,0.9879477024078369,2.949036121368408
