,baseline,corrupted,imputed
F1_micro,0.0,0.0,0.0010897247358851757
F1_macro,0.0,0.0,0.0014535289846522657
F1_weighted,1.3597399555105182e-16,0.0,0.0015190391397062511
