{"mean": 0.0010274251302083333, "std": 6.882840602299334e-05}