,train,test
MAE,0.08515475601254512,0.08515475601254512
MSE,0.33847509533111814,0.38619351840620436
RMSE,0.08455418082791306,0.10383053540336341
