,train,test
MAE,1.512179328712165,1.512179328712165
MSE,3.9917262367276756,3.576024587197891
RMSE,1.9967373296782653,1.889136681258521
