,baseline,corrupted,imputed
F1_micro,0.0,0.0,0.00014433756729751875
F1_macro,1.3597399555105182e-16,0.0,0.0001161269989378263
F1_weighted,0.0,0.0,0.00011569509850575891
