{"mean": 0.5084072748819987, "std": 0.04855192261802746}