{"mean": 1665.7592912515004, "std": 90.0376686193834}