,train,test
MAE,0.27551841735839844,0.27551841735839844
MSE,0.10008863799737355,1.1097476509806559
RMSE,0.27551841735839844,1.018816312154134
