,train,test
MAE,0.19043991057692025,0.19043991057692025
MSE,0.10010436734876532,0.6153028056940669
RMSE,0.19043991057692025,0.3280875791674516
