,baseline,corrupted,imputed
F1_micro,0.72775,0.0,0.7272500000000001
F1_macro,0.726030768338275,0.0,0.7255644020608775
F1_weighted,0.7277991447256035,0.0,0.7273181977577298
