,baseline,corrupted,imputed
F1_micro,0.0,0.0,0.0005000000000000004
F1_macro,0.0,0.0,0.0004564869602872379
F1_weighted,1.3597399555105182e-16,0.0,0.0004644856996364001
