{"mean": 1.5476016998291016, "std": 0.056960084117199}