,train,test
MAE,0.3390796366637196,0.3390796366637196
MSE,0.21830288019171906,0.49886479464212874
RMSE,0.3432208680391823,0.48045117684665256
