,train,test
MAE,0.37500000000000017,0.37500000000000017
MSE,0.2263500000000002,0.3504333333333334
RMSE,0.38446884203398546,0.44333333333333336
