,baseline,corrupted,imputed
F1_micro,0.686,0.0,0.6902500000000001
F1_macro,0.682773452900116,0.0,0.6876077722126888
F1_weighted,0.6848599687300944,0.0,0.6895956496004101
