,baseline,corrupted,imputed
F1_micro,0.0,0.0,0.004130677910464565
F1_macro,1.3597399555105182e-16,0.0,0.0046502264661094275
F1_weighted,1.3597399555105182e-16,0.0,0.004629861443478619
