{"mean": 290.09652638435364, "std": 4.798860604937174}