,train,test
MAE,0.7527440812114446,0.7527440812114446
MSE,0.9440811554263645,1.1211355474698956
RMSE,0.9707134542978088,1.0544541727458803
