,train,test
MAE,0.05923711360140396,0.05923711360140396
MSE,0.10019034986695038,0.25522271572907934
RMSE,0.05191163267872331,0.11786822121778824
