,train,test
MAE,0.48662279999999997,0.4109828
MSE,0.23680174947983998,0.16890686189583998
RMSE,0.48662279999999997,0.4109828
