,baseline,corrupted,imputed
MAE,4.745863144693567,0,4.745889004682243
MSE,40.32346372177068,0,40.323707859817276
RMSE,6.350075883150585,0,6.350095106360005
