,baseline,corrupted,imputed
F1_micro,0.728,0,0.72775
F1_macro,0.7261729228423456,0,0.725868289234874
F1_weighted,0.7280064798772168,0,0.7277056168254075
