,baseline,corrupted,imputed
F1_micro,0.728,0,0.7275000000000001
F1_macro,0.7261729228423456,0,0.7256948744641664
F1_weighted,0.7280064798772168,0,0.7275464517558581
