,train,test
MAE,0.9718732420776295,0.9718732420776295
MSE,0.9445375986664826,4.113298146200706
RMSE,0.9718732420776295,2.0281267579223705
