,train,test
MAE,1.972151756286621,1.972151756286621
MSE,3.889382549824404,16.016088713468037
RMSE,1.972151756286621,4.0020105838775635
