,train,test
MAE,0.016994714736938477,0.016994714736938477
MSE,0.00028882032898991383,4.184738569276533
RMSE,0.016994714736938477,2.045663356781006
