,train,test
MAE,0.9675755500793457,0.9675755500793457
MSE,0.9362024451113484,9.353602958531667
RMSE,0.9675755500793457,3.058366060256958
