{"mean": 10.296850760777792, "std": 0.38411432877542845}