,train,test
MAE,2.010770559310913,2.010770559310913
MSE,4.632735881584438,3.6681269848371207
RMSE,2.010770559310913,1.6762377421061199
