,train,test
MAE,0.9403757010309088,0.9403757010309088
MSE,3.7788271423409627,4.546399018695405
RMSE,0.9403757010309088,1.1346942430294369
