,baseline,corrupted,imputed
F1_micro,0.6830000000000002,0.0,0.6884166666666668
F1_macro,0.6794214442593555,0.0,0.6852919177625028
F1_weighted,0.6815289359956561,0.0,0.6873507551308228
