,baseline,corrupted,imputed
F1_micro,1.3597399555105182e-16,0.0,0.005149838185160111
F1_macro,1.3597399555105182e-16,0.0,0.00526048751572987
F1_weighted,0.0,0.0,0.005245745453199261
