{"mean": 0.6121633052825928, "std": 0.02651993642106067}