,train,test
MAE,0.010672349184034745,0.010672349184034745
MSE,0.015435261852718464,0.05200891546201602
RMSE,0.013643338593757815,0.04604890593133485
