,train,test
MAE,0.4255763342390267,0.4255763342390267
MSE,0.3222053037832109,0.3352761533463288
RMSE,0.5675219907556196,0.5778083467044647
