,train,test
MAE,0.1656087274387146,0.3142627274387146
MSE,0.027426250603870463,0.0987610618572198
RMSE,0.1656087274387146,0.3142627274387146
