,baseline,corrupted,imputed
MAE,4.75006021582391,0,4.749865948701125
MSE,40.385936597640395,0,40.3803107142203
RMSE,6.354993044657122,0,6.354550394341074
