,baseline,corrupted,imputed
MAE,4.75006021582391,0,4.747855754124245
MSE,40.385936597640395,0,40.3473197610946
RMSE,6.354993044657122,0,6.351954011254694
