,baseline,corrupted,imputed
MAE,4.75006021582391,0,4.75006021582391
MSE,40.385936597640395,0,40.385936597640395
RMSE,6.354993044657122,0,6.354993044657122
