,train,test
MAE,0.5570310736795826,0.3841042471984789
MSE,0.37702639487239525,0.23812721774967346
RMSE,0.614024751025881,0.48798280476844
