,train,test
MAE,0.5140330005825757,0.5481370010356903
MSE,0.3602360061566723,0.3700002982118448
RMSE,0.600196639574625,0.608276498158399
