,train,test
MAE,0.5399117706757766,0.5410172629503103
MSE,0.37496772452453875,0.3669280498526013
RMSE,0.6123460823133751,0.6057458624312685
