,baseline,corrupted,imputed
MAE,4.852471765781764,0,4.852471765781764
MSE,41.93067276531296,0,41.93067276531296
RMSE,6.475389777095504,0,6.475389777095504
