,baseline,corrupted,imputed
MAE,4.852471765781764,0,4.858593382023832
MSE,41.93067276531296,0,42.09706029028398
RMSE,6.475389777095504,0,6.488224741043114
