,train,test
MAE,0.38210106126093735,0.3662291457646956
MSE,0.20636048991695663,0.18863607425038975
RMSE,0.4542691822223434,0.43432254632978673
