,train,test
MAE,0.3893895698760157,0.39773129610814717
MSE,0.22020288434581814,0.2304781671460844
RMSE,0.4692578015822626,0.4800814172055448
