,train,test
MAE,0.3829352483659816,0.4064030303512242
MSE,0.2097735758508816,0.2316910457648911
RMSE,0.4580104538663737,0.48134296064749
