,baseline,corrupted,imputed
F1_micro,0.0,0.0,0.0010000000000000009
F1_macro,0.0,0.0,0.0004639306317727445
F1_weighted,1.3597399555105182e-16,0.0,0.00043852254433213265
