,baseline,corrupted,imputed
F1_micro,0.70375,0.0,0.70375
F1_macro,0.7019925873751293,0.0,0.7018643254608946
F1_weighted,0.7037614737012777,0.0,0.7036116558788782
