{"mean": 11.076717217763266, "std": 0.8597759163137388}