,train,test
MAE,1.5327740570400934,1.5327740570400934
MSE,4.181336487392625,4.053387059438859
RMSE,2.0412114597879767,2.0114284601186045
