,train,test
MAE,0.09077792677071561,0.09077792677071561
MSE,0.5979491726535703,0.4343628041981484
RMSE,0.14895769780140017,0.10636688345363567
