,baseline,corrupted,imputed
F1_micro,0.72775,0,0.72725
F1_macro,0.7260206201159712,0,0.72554907371331
F1_weighted,0.7278145291776207,0,0.7273484485986539
