,baseline,corrupted,imputed
F1_micro,0.72775,0,0.728
F1_macro,0.7260206201159712,0,0.7262937947250093
F1_weighted,0.7278145291776207,0,0.7280799313855039
