,baseline,corrupted,imputed
F1_micro,0.7280000000000001,0.0,0.7279166666666667
F1_macro,0.7261880604753267,0.0,0.726121936544119
F1_weighted,0.7280234600451516,0.0,0.7279565672547905
