,baseline,corrupted,imputed
F1_micro,1.3597399555105182e-16,0.0,0.00038188130791283557
F1_macro,0.0,0.0,0.0003767381411874016
F1_weighted,0.0,0.0,0.00037030089240527094
