{"mean": 0.0010579427083333333, "std": 7.525962323806118e-05}