,train,test
MAE,3.3429381002979355,3.3429381002979355
MSE,21.890780797245043,3.611325831309672
RMSE,3.3429381002979355,1.6574369231410297
