,train,test
MAE,4.009154335047755,4.009154335047755
MSE,36.08464430569891,4.520965776685202
RMSE,4.009154335047755,1.1385706019732384
