,baseline,corrupted,imputed
F1_micro,1.3597399555105182e-16,0.0,0.0022407216099580357
F1_macro,1.3597399555105182e-16,0.0,0.0022295391371085225
F1_weighted,0.0,0.0,0.0021035092179889007
