,baseline,corrupted,imputed
F1_micro,0.7174999999999999,0.0,0.7186666666666667
F1_macro,0.7154312430684847,0.0,0.7166256711933813
F1_weighted,0.7174392870862277,0.0,0.7185256320384954
