{"mean": 0.001527865727742513, "std": 0.0005452690935958918}