,train,test
MAE,0.08858369926891398,0.08858369926891398
MSE,0.4233907035630361,0.7374673439290695
RMSE,0.10504525698622912,0.19419163067309417
