,train,test
MAE,1.5238748413866012,1.5238748413866012
MSE,3.9894555888785863,3.83402471087879
RMSE,1.9955197948241583,1.9516363522088689
