,baseline,corrupted,imputed
MAE,0.0,0.0,1.4446391421683269e-05
MSE,0.0,0.0,0.00013265896394257435
RMSE,0.0,0.0,1.0445447454554158e-05
