,baseline,corrupted,imputed
MAE,4.745869791598198,0.0,4.745877417439405
MSE,40.323468427802815,0.0,40.32354458349007
RMSE,6.350076253699857,0.0,6.3500822501300975
