{"mean": 58.38047377268473, "std": 8.92051377416387}