,train,test
MAE,0.15719867678688526,0.2984485144113802
MSE,0.07818572660685365,0.1629711956509153
RMSE,0.15719867678688526,0.2984485144113802
