,train,test
MAE,0.23431123569901788,0.1870391171431541
MSE,0.07137603783049912,0.09436464184459709
RMSE,0.23431123569901788,0.1870391171431541
