,baseline,corrupted,imputed
F1_micro,0.728,0,0.7282499999999998
F1_macro,0.7262432512738655,0,0.7264480270296557
F1_weighted,0.72809423646045,0,0.7283031882835385
