,baseline,corrupted,imputed
F1_micro,0.728,0,0.72775
F1_macro,0.7262432512738655,0,0.7260339817223505
F1_weighted,0.72809423646045,0,0.7278771697222246
