,train,test
MAE,1.0282517657353587,1.0282517657353587
MSE,1.057301693737883,0.9442946307964482
RMSE,1.0282517657353587,0.9717482342646413
