,train,test
MAE,7.972310769423089,7.972310769423089
MSE,63.55773900425937,4.111523615797585
RMSE,7.972310769423089,2.027689230576911
