{"mean": 1.9639788468678792, "std": 0.12311595725037318}