,baseline,corrupted,imputed
MAE,4.745872652272619,0,4.745872652272619
MSE,40.32346948274568,0,40.32346948274568
RMSE,6.350076336765227,0,6.350076336765227
