,train,test
MAE,0.07531170837020873,0.1875400934524536
MSE,0.005671853417639368,0.03517128665215503
RMSE,0.07531170837020873,0.1875400934524536
