,train,test
MAE,0.41910769726371766,0.44913099983489513
MSE,0.17565126190569602,0.20171865501269257
RMSE,0.41910769726371766,0.44913099983489513
