,train,test
MAE,0.07929121665287017,0.08104095748519896
MSE,0.006287097038292396,0.006567636790117825
RMSE,0.07929121665287017,0.08104095748519896
