,baseline,corrupted,imputed
MAE,4.745871920584184,0,4.745901047005501
MSE,40.323469006735024,0,40.323634803737825
RMSE,6.350076299284523,0,6.350089353996354
