,baseline,corrupted,imputed
MAE,4.745871920584184,0,4.7458839576082354
MSE,40.323469006735024,0,40.32348045171696
RMSE,6.350076299284523,0,6.3500772004533115
