,train,test
MAE,1.3856771025161743,0.31743710711288453
MSE,1.9201010324376202,0.10076631697219693
RMSE,1.3856771025161743,0.31743710711288453
