,train,test
MAE,0.07599168233203887,0.06498841336822508
MSE,0.005774735783653509,0.004223493872119297
RMSE,0.07599168233203887,0.06498841336822508
