,train,test
MAE,0.23370524431800843,0.6758476244077682
MSE,0.05461814122174001,0.4567700114176238
RMSE,0.23370524431800843,0.6758476244077682
