,baseline,corrupted,imputed
F1_micro,0.7280000000000001,0.0,0.7281666666666666
F1_macro,0.7262432512738655,0.0,0.7263856745296732
F1_weighted,0.72809423646045,0.0,0.7282300359921264
