,baseline,corrupted,imputed
F1_micro,1.3597399555105182e-16,0.0,0.0002886751345949093
F1_macro,0.0,0.0,0.000257466219227904
F1_weighted,0.0,0.0,0.0002587548661961148
