{"mean": 10.571825583775839, "std": 0.23186172259647403}