,train,test
MAE,0.7086122830708822,0.7086122830708822
MSE,0.7399023144641129,4.698965535020856
RMSE,0.7090191186318634,2.0157527128855386
