,train,test
MAE,0.5961226629452051,0.5961226629452051
MSE,0.6406174696233016,4.002955999687213
RMSE,0.5964824438471872,0.9765038675157259
