{"mean": 0.0005243619283040365, "std": 6.6983882604298526e-06}