{"mean": 0.0005305608113606771, "std": 1.5268719938307226e-05}