,train,test
MAE,0.36124531834931994,0.24338950345597812
MSE,0.38810578000703627,0.27637866226836266
RMSE,0.36124531834931994,0.24338950345597812
