,baseline,corrupted,imputed
MAE,4.750118145586748,0,4.750118145586748
MSE,40.38693525490519,0,40.38693525490519
RMSE,6.355071616819529,0,6.355071616819529
