,baseline,corrupted,imputed
MAE,4.750118145586748,0,4.751065813280968
MSE,40.38693525490519,0,40.41015788664978
RMSE,6.355071616819529,0,6.3568984486658096
