,train,test
MAE,0.36156046741312414,0.4266064072779814
MSE,0.19983728603189777,0.21019354445792113
RMSE,0.4470316387370113,0.45846869517767636
