,train,test
MAE,0.4438021672694415,0.4857828245522492
MSE,0.26316049982554063,0.30967075720476694
RMSE,0.5129917151626726,0.5564806889774047
