,train,test
MAE,0.3614777745383533,0.36270795253467564
MSE,0.19781149118364386,0.25354367760083757
RMSE,0.44476003775479184,0.5035312081696998
