{"mean": 0.0009811719258626301, "std": 0.0001626403287656781}