,baseline,corrupted,imputed
F1_micro,0.0,0.0,0.00014433756729732644
F1_macro,0.0,0.0,0.00011612699893769811
F1_weighted,1.3597399555105182e-16,0.0,0.00011569509850588712
