{"mean": 0.001131296157836914, "std": 0.00018065569021947895}