,baseline,corrupted,imputed
MAE,4.745863144693567,0,4.745886919996046
MSE,40.32346372177068,0,40.323675949325505
RMSE,6.350075883150585,0,6.350092593759992
