,baseline,corrupted,imputed
F1_micro,0.7280000000000001,0.0,0.72775
F1_macro,0.7261729228423456,0.0,0.7259120288471287
F1_weighted,0.7280064798772168,0.0,0.7277528494861608
