,baseline,corrupted,imputed
F1_micro,1.3597399555105182e-16,0.0,0.00024999999999991696
F1_macro,0.0,0.0,0.00024200708301635543
F1_weighted,0.0,0.0,0.00023362290403892825
