{"mean": 0.0009036858876546224, "std": 5.866518339470105e-05}