,train,test
MAE,3.3241452590786924,3.3241452590786924
MSE,21.853192765554578,5.685369776617769
RMSE,3.3241452590786924,2.342521407587974
