,train,test
MAE,4.025528113570795,4.025528113570795
MSE,36.11724050460506,2.724444869905943
RMSE,4.025528113570795,0.5449264605565928
