,baseline,corrupted,imputed
F1_micro,0.9386446886446886,0,0.9313186813186813
F1_macro,0.9195564669248879,0,0.9223957807717085
F1_weighted,0.9382119133998833,0,0.9313849162074498
