,train,test
MAE,0.2544597249508841,0.25608730158730153
MSE,0.1863589996070727,0.176216679047619
RMSE,0.4316931776239609,0.41978170404106346
