,train,test
MAE,0.23622857142857145,0.2471164383561644
MSE,0.1603743704489796,0.1649366709589041
RMSE,0.40046768964422036,0.4061239600896555
