,train,test
MAE,0.2546064516129032,0.2608240740740741
MSE,0.1916197680455408,0.16676914185185185
RMSE,0.43774395260876053,0.40837377713542267
