,baseline,corrupted,imputed
F1_micro,0.7275000000000001,0,0.7275000000000001
F1_macro,0.7257769950566337,0,0.7257769950566337
F1_weighted,0.7275523423148843,0,0.7275523423148843
