,train,test
MAE,0.0,0.0
MSE,0.0,0.1155999999999999
RMSE,0.0,0.33999999999999986
