,train,test
MAE,0.6699999999999999,0.6699999999999999
MSE,0.4488999999999999,0.9216
RMSE,0.6699999999999999,0.96
