,train,test
MAE,0.0,0.0
MSE,0.0,0.008556249999999963
RMSE,0.0,0.0924999999999998
