,baseline,corrupted,imputed
F1_micro,0.0,0.0,0.000250000000000028
F1_macro,0.0,0.0,0.0002070267180230113
F1_weighted,0.0,0.0,0.0002130221615230578
