,baseline,corrupted,imputed
F1_micro,0.7275000000000001,0.0,0.7275
F1_macro,0.7257227131101955,0.0,0.7257212151782874
F1_weighted,0.7275743057532461,0.0,0.7275716007815337
