{"mean": 0.515575091044108, "std": 0.016091211384185858}