,train,test
MAE,0.3333333333333335,0.3333333333333335
MSE,0.17333333333333345,0.8666666666666668
RMSE,0.3333333333333335,0.8666666666666668
