,train,test
MAE,0.3055050463303894,0.3055050463303894
MSE,0.1803699901129158,0.6503332479070506
RMSE,0.3055050463303894,0.4163331998932264
