,baseline,corrupted,imputed
F1_micro,0.72775,0,0.7275000000000001
F1_macro,0.7260549318949153,0,0.7258109476834212
F1_weighted,0.727797740660838,0,0.7275500611437694
