,train,test
MAE,0.23720359802246094,0.23720359802246094
MSE,0.056265546914801234,0.3072461885969915
RMSE,0.23720359802246094,0.554297924041748
