,train,test
MAE,0.07719802856445312,0.07719802856445312
MSE,0.005959535614238121,0.9483671283629178
RMSE,0.07719802856445312,0.9738414287567139
