,train,test
MAE,0.4087696075439453,0.4087696075439453
MSE,0.16709259205163107,2.9386288408168184
RMSE,0.4087696075439453,1.714242935180664
