,baseline,corrupted,imputed
MAE,4.853012078308603,0.0,4.850573917275092
MSE,41.943200547691696,0.0,41.96730929866804
RMSE,6.476357042944104,0.0,6.4782089308884965
