,baseline,corrupted,imputed
MAE,0.0,0.0,0.006372393229912866
MSE,0.0,0.0,0.17266309323020354
RMSE,1.0877919644084146e-15,0.0,0.01332364953177081
