{"mean": 1.7150254249572754, "std": 0.07207661145699462}