,train,test
MAE,0.3798161989126716,0.3827984263010889
MSE,0.22494101021512058,0.2256524721583403
RMSE,0.47427792968205384,0.4750166972415595
