,train,test
MAE,0.001692365549254375,0.0030607632262532923
MSE,0.0014011368607117958,0.003969463017496961
RMSE,0.0014776492946929588,0.004173038472310638
