,baseline,corrupted,imputed
F1_micro,1.3597399555105182e-16,0.0,0.003122498999199149
F1_macro,0.0,0.0,0.002914852643087145
F1_weighted,1.3597399555105182e-16,0.0,0.00276357313870243
