,baseline,corrupted,imputed
F1_micro,0.6869999999999999,0.0,0.6894999999999999
F1_macro,0.6836818939764208,0.0,0.6858895978492132
F1_weighted,0.6858803719596939,0.0,0.688015189015343
