{"mean": 10.361931403477987, "std": 0.8036979703437984}