,train,test
MAE,0.043120774032391014,0.043120774032391014
MSE,0.2660487715197163,0.33799855316353655
RMSE,0.06771665488747924,0.08638350647671915
