,train,test
MAE,1.484302562667538,1.484302562667538
MSE,3.805885971283532,3.7430019432185433
RMSE,1.9500843420351759,1.9333978388037647
