,baseline,corrupted,imputed
MAE,0.0,0.0,1.43663376149931e-05
MSE,0.0,0.0,0.00013270405690139398
RMSE,0.0,0.0,1.0448998404837538e-05
