{"mean": 2.0007265408833823, "std": 0.08133881493218449}