,baseline,corrupted,imputed
MAE,4.9371054213022845,0.0,4.930910754944068
MSE,43.081079385765186,0.0,43.18414409341751
RMSE,6.5636178579930435,0.0,6.571459189868441
