,baseline,corrupted,imputed
MAE,0.0,0.0,0.008624230969539683
MSE,0.0,0.0,0.13298858105609182
RMSE,0.0,0.0,0.01011503666337155
