{"mean": 0.0005697409311930338, "std": 1.74132634508824e-05}