,train,test
MAE,0.003213224926148622,0.010917299723735816
MSE,0.002099729573275293,0.008705086604924155
RMSE,0.0018105519342018017,0.007485868983136483
