,train,test
MAE,0.5010455662754614,0.5003297593028465
MSE,0.3356561378339631,0.3356723858579939
RMSE,0.5793564985698288,0.5793401652181891
