,train,test
MAE,0.017783200000000027,0.13135239999999998
MSE,0.00031624220224000095,0.017253452985759993
RMSE,0.017783200000000027,0.13135239999999998
