,baseline,corrupted,imputed
F1_micro,0.70575,0,0.70575
F1_macro,0.704120042944078,0,0.704120042944078
F1_weighted,0.7059517547143301,0,0.7059517547143301
