,train,test
MAE,0.44764890282131664,0.44764890282131664
MSE,0.3363009404388715,0.26263157894736844
RMSE,0.5799145975390441,0.5124759301151308
