,train,test
MAE,0.43724137931034485,0.43724137931034485
MSE,0.3423448275862069,0.23446153846153844
RMSE,0.5851024077767984,0.48421228656606646
