,train,test
MAE,0.41720430107526885,0.41720430107526885
MSE,0.3045161290322581,0.4291428571428571
RMSE,0.5518298007830477,0.6550899611067605
