,baseline,corrupted,imputed
F1_micro,0.728,0,0.7285000000000001
F1_macro,0.7262432512738655,0,0.7266828851978346
F1_weighted,0.72809423646045,0,0.7285284199139873
