,baseline,corrupted,imputed
F1_micro,0.728,0,0.728
F1_macro,0.7262432512738655,0,0.7262308871173194
F1_weighted,0.72809423646045,0,0.7280674516019418
