,train,test
MAE,0.020316600799560547,0.020316600799560547
MSE,0.00041276426804870425,3.9858837912361764
RMSE,0.020316600799560547,1.9964678287506104
