,train,test
MAE,1.0457587242126465,1.0457587242126465
MSE,1.093611309266862,9.010540231729692
RMSE,1.0457587242126465,3.001756191253662
