,train,test
MAE,1.0597615242004395,1.0597615242004395
MSE,1.1256828698574282,1.1004725820966996
RMSE,1.060982030883383,1.0490341186523438
