,baseline,corrupted,imputed
MAE,4.745872711767113,0.0,4.745885859800677
MSE,40.323470778094965,0.0,40.32361288354722
RMSE,6.350076438760007,0.0,6.350087628015733
