,baseline,corrupted,imputed
MAE,0.0,0.0,1.5064087231021558e-05
MSE,0.0,0.0,0.00012895856273066104
RMSE,0.0,0.0,1.015408029004936e-05
