{"mean": 48.2216686407725, "std": 1.929292316442198}