,train,test
MAE,0.142200723918279,0.3655887918246587
MSE,0.02469272872785429,0.2002011306113378
RMSE,0.142200723918279,0.3655887918246587
