,train,test
MAE,0.08189947660063236,0.31594136933185285
MSE,0.026440536207025557,0.2665880924108669
RMSE,0.08189947660063236,0.31594136933185285
