,baseline,corrupted,imputed
F1_micro,0.7275000000000001,0,0.72725
F1_macro,0.7257284438763858,0,0.725527306014095
F1_weighted,0.7275291414519359,0,0.7273287516631373
