,train,test
MAE,0.0,0.0
MSE,0.0,0.010000000000000018
RMSE,0.0,0.10000000000000009
