,train,test
MAE,0.6999999999999993,0.6999999999999993
MSE,0.489999999999999,0.9025000000000003
RMSE,0.6999999999999993,0.9500000000000002
