,train,test
MAE,0.0,0.0
MSE,0.0,0.10240000000000019
RMSE,0.0,0.3200000000000003
