,baseline,corrupted,imputed
MAE,4.7458717591763095,0.0,4.745877353376241
MSE,40.32346858007471,0.0,40.323523067592134
RMSE,6.350076265689626,0.0,6.350080555988593
