,baseline,corrupted,imputed
MAE,0.0,0.0,2.3649104766235116e-05
MSE,0.0,0.0,0.00010747386623444918
RMSE,0.0,0.0,8.462398612383801e-06
