{"mean": 48.699960152308144, "std": 2.7853478935875016}