,train,test
MAE,0.16361931119218096,0.3405599674127306
MSE,0.07548159379218884,0.2827883763206781
RMSE,0.16361931119218096,0.3405599674127306
