,train,test
MAE,0.23872639489364625,0.3435562034552892
MSE,0.07483781094891963,0.19535159253538548
RMSE,0.23872639489364625,0.3435562034552892
