,baseline,corrupted,imputed
F1_micro,0.7275000000000001,0.0,0.7273333333333335
F1_macro,0.7258073981043492,0.0,0.7256417780839771
F1_weighted,0.7275831976231387,0.0,0.7274231511539879
