,baseline,corrupted,imputed
F1_micro,0.0,0.0,0.00014433756729751875
F1_macro,0.0,0.0,0.0001444220750234842
F1_weighted,0.0,0.0,0.00013888494482366078
