{"mean": 1.5796077251434326, "std": 0.06151134987982418}