,train,test
MAE,0.2233333333333333,0.2233333333333333
MSE,0.1496333333333333,0.36296666666666644
RMSE,0.2233333333333333,0.4966666666666666
