,train,test
MAE,0.38682468035704926,0.38682468035704926
MSE,0.25917253583922295,0.502230786923037
RMSE,0.38682468035704926,0.4176521678781677
