,baseline,corrupted,imputed
F1_micro,0.72775,0.0,0.7276666666666668
F1_macro,0.7260549318949153,0.0,0.7259736038244173
F1_weighted,0.7277977406608379,0.0,0.7277151808218152
