,baseline,corrupted,imputed
F1_micro,0.0,0.0,0.00014433756729732644
F1_macro,0.0,0.0,0.00014086435018412273
F1_weighted,1.3597399555105182e-16,0.0,0.00014299783585231896
