{"mean": 1844.9661929607391, "std": 157.25767676331932}