,train,test
MAE,0.1658193745553984,0.1658193745553984
MSE,0.08243905888957144,1.3721244116253775
RMSE,0.1658193745553984,0.5873221109308235
