,train,test
MAE,0.24105707804361978,0.24105707804361978
MSE,0.07643922486022348,1.3980807192589093
RMSE,0.24105707804361978,1.080794095993042
