{"mean": 1.5304616292317708, "std": 0.07929199600609127}