,train,test
MAE,0.40414518843273767,0.40414518843273767
MSE,0.282901631902916,0.49079086177311826
RMSE,0.40414518843273767,0.44117267972227536
