,train,test
MAE,0.2333333333333331,0.2333333333333331
MSE,0.163333333333333,0.3383000000000002
RMSE,0.2333333333333331,0.45666666666666683
