,baseline,corrupted,imputed
MAE,0.0,0.0,0.0031527072036049947
MSE,0.0,0.0,0.10269234593663785
RMSE,0.0,0.0,0.00802732174016135
