,baseline,corrupted,imputed
MAE,4.786149252019913,0.0,4.78704438531191
MSE,41.01802899665654,0.0,40.93772758053143
RMSE,6.404531910815695,0.0,6.398256373570476
