{"mean": 1.7348973751068115, "std": 0.16479985315476883}