,train,test
MAE,0.3772610980531803,0.3722040225547665
MSE,0.22138453028917746,0.21929710216847434
RMSE,0.47042989679608715,0.46801876965352873
