,train,test
MAE,0.011260413100959253,0.012803486019042663
MSE,0.010297409046485805,0.01840189858923928
RMSE,0.010971040716375165,0.01957805227052438
