,baseline,corrupted,imputed
F1_micro,0.72775,0,0.7275000000000001
F1_macro,0.7259443177806518,0,0.7257431799183612
F1_weighted,0.7277611470185159,0,0.727560757229717
