,train,test
MAE,1.0282517657353587,1.0282517657353587
MSE,1.057301693737883,1.057301693737883
RMSE,1.0282517657353587,1.0282517657353587
