,baseline,corrupted,imputed
MAE,4.788958090212499,0,4.78564303687518
MSE,41.03479364674452,0,40.91075588407382
RMSE,6.405840588614778,0,6.396151646425671
