,baseline,corrupted,imputed
MAE,4.788958090212499,0,4.788958090212499
MSE,41.03479364674452,0,41.03479364674452
RMSE,6.405840588614778,0,6.405840588614778
