,baseline,corrupted,imputed
MAE,4.788958090212499,0,4.786231127870737
MSE,41.03479364674452,0,40.91869428840921
RMSE,6.405840588614778,0,6.396772177310148
