,train,test
MAE,0.38737215726850494,0.4049936263790709
MSE,0.2173275385011431,0.23821509966658228
RMSE,0.4661840178525462,0.4880728425825209
