,train,test
MAE,0.4068107993492215,0.39776073963416847
MSE,0.23077070188398793,0.2175566351251934
RMSE,0.4803859925976068,0.4664296679298964
