,train,test
MAE,0.42412014439719276,0.4490314815297298
MSE,0.2553451723448913,0.2654264744989437
RMSE,0.5053169028885649,0.5151955691763505
