,baseline,corrupted,imputed
MAE,4.745873217903513,0,4.745870598604469
MSE,40.3234727134211,0,40.32347415175144
RMSE,6.350076591146054,0,6.350076704399045
