,baseline,corrupted,imputed
MAE,4.745873217903513,0,4.745875406594478
MSE,40.3234727134211,0,40.32353714585658
RMSE,6.350076591146054,0,6.350081664502952
