,train,test
MAE,0.5837293491249085,0.15962332835960386
MSE,0.34073995302978927,0.025479606956597914
RMSE,0.5837293491249085,0.15962332835960386
