,train,test
MAE,0.25188332159233096,0.05878104721450805
MSE,0.06344520769638562,0.003455211511634225
RMSE,0.25188332159233096,0.05878104721450805
