,train,test
MAE,0.17423144690322875,0.11371795228576659
MSE,0.03035659708999262,0.012931772672067887
RMSE,0.17423144690322875,0.11371795228576659
