,baseline,corrupted,imputed
MAE,0.0,0.0,0.0017687921143025784
MSE,0.0,0.0,0.0694351566062581
RMSE,1.0877919644084146e-15,0.0,0.005423663320923387
