,baseline,corrupted,imputed
MAE,4.788958090212499,0.0,4.786944084986138
MSE,41.03479364674452,0.0,40.95474793974252
RMSE,6.405840588614777,0.0,6.399588137450198
