{"mean": 47.09527269999186, "std": 8.5396147317355}