,train,test
MAE,0.01838427221813135,0.027749883817943796
MSE,0.01927850151182649,0.024009555733581527
RMSE,0.019810052439091775,0.02443420563918046
