,train,test
MAE,0.40610103367163974,0.4172619491809897
MSE,0.2344811375766741,0.24039940309690647
RMSE,0.48396230444623933,0.48989935989625594
