,baseline,corrupted,imputed
F1_micro,0.72775,0.0,0.72775
F1_macro,0.7259443177806518,0.0,0.7259443177806518
F1_weighted,0.727761147018516,0.0,0.727761147018516
