{"mean": 10.691428422927856, "std": 0.6425290676185533}