,train,test
MAE,1.9847159385681152,1.9847159385681152
MSE,4.7055659743487395,3.646024215485719
RMSE,1.9847159385681152,1.6557049751281738
