,baseline,corrupted,imputed
F1_micro,0.68675,0.0,0.6906666666666667
F1_macro,0.6833863368335283,0.0,0.6876677536052163
F1_weighted,0.6857173744789753,0.0,0.6898141897558231
