,baseline,corrupted,imputed
F1_micro,0.0,0.0,0.003573630273731934
F1_macro,1.3597399555105182e-16,0.0,0.0037394473461006624
F1_weighted,0.0,0.0,0.0035821455403769044
