{"mean": 0.0008990764617919922, "std": 8.14641780697533e-05}