,train,test
MAE,1.4794890256198876,1.4794890256198876
MSE,3.785058926007539,3.3451891106258542
RMSE,1.944500800986689,1.8224303780241362
