,train,test
MAE,0.040286740042565744,0.040286740042565744
MSE,0.29712165800138923,0.6730505901680688
RMSE,0.07722267448421162,0.18948599373301353
