,baseline,corrupted,imputed
MAE,0.0,0.0,0.0008585076975674408
MSE,0.0,0.0,0.019289682583868442
RMSE,0.0,0.0,0.0015175719604897451
