,baseline,corrupted,imputed
MAE,4.750118145586748,0.0,4.750178652705907
MSE,40.38693525490519,0.0,40.38965332993775
RMSE,6.355071616819529,0.0,6.355285343286167
