{"mean": 49.04680975278219, "std": 1.739691006508228}