,train,test
MAE,0.047506156920113306,0.06155253176778172
MSE,0.03715827897970454,0.04987517579627436
RMSE,0.03875446996798049,0.04905885669879899
