,train,test
MAE,0.3889468030736396,0.42503239478830207
MSE,0.22026975901369408,0.2578026597545085
RMSE,0.4682611305514919,0.5061601974415936
