,baseline,corrupted,imputed
MAE,4.939457403117119,0.0,4.932989265907712
MSE,43.0883310066581,0.0,43.18919104860279
RMSE,6.564170245100146,0.0,6.5718439400968185
