,baseline,corrupted,imputed
MAE,0.0,0.0,0.008295380451908987
MSE,0.0,0.0,0.12292222877727926
RMSE,1.0877919644084146e-15,0.0,0.009349514600596225
