{"mean": 1.7934181690216064, "std": 0.04132601717147453}