,train,test
MAE,0.3885057407377608,0.37787995808294994
MSE,0.2354225203608126,0.22413565943369362
RMSE,0.4851865177684435,0.47335552855875834
