,train,test
MAE,0.005710054596955207,0.006680656599117144
MSE,0.004833540782440476,0.009660496377483707
RMSE,0.004984476383404123,0.010261799297790567
