,baseline,corrupted,imputed
MAE,4.745872711767113,0,4.74588257107777
MSE,40.323470778094965,0,40.323722469911004
RMSE,6.350076438760007,0,6.350096256743751
