,baseline,corrupted,imputed
MAE,4.745872711767113,0,4.745902296557147
MSE,40.323470778094965,0,40.32364540263569
RMSE,6.350076438760007,0,6.350090188543442
