,baseline,corrupted,imputed
MAE,4.745872711767113,0,4.745872711767113
MSE,40.323470778094965,0,40.323470778094965
RMSE,6.350076438760007,0,6.350076438760007
