,train,test
MAE,0.11418429724502563,0.08983310452556609
MSE,0.013038053737340367,0.008069986668701283
RMSE,0.11418429724502563,0.08983310452556609
