,train,test
MAE,0.0779859601650238,0.29661391118240354
MSE,0.006081809982860678,0.08797981230692278
RMSE,0.0779859601650238,0.29661391118240354
