,train,test
MAE,0.2344319143447876,0.7103193597660065
MSE,0.05495832246336183,0.5045535928583893
RMSE,0.2344319143447876,0.7103193597660065
