,baseline,corrupted,imputed
F1_micro,0.72775,0.0,0.7275
F1_macro,0.726030768338275,0.0,0.725769874343058
F1_weighted,0.7277991447256035,0.0,0.7275455143345475
