,baseline,corrupted,imputed
F1_micro,0.0,0.0,0.000250000000000028
F1_macro,0.0,0.0,0.00024200708301640522
F1_weighted,1.3597399555105182e-16,0.0,0.00023362290403887922
