{"mean": 0.5470016002655029, "std": 0.05362063837105321}