,train,test
MAE,0.23094010767585052,0.23094010767585052
MSE,0.09237604307034028,0.09237604307034028
RMSE,0.23094010767585052,0.23094010767585055
