,train,test
MAE,0.2666666666666669,0.2666666666666669
MSE,0.10666666666666685,0.05333333333333343
RMSE,0.2666666666666669,0.13333333333333344
