,train,test
MAE,1.4892294992100108,1.4892294992100108
MSE,3.88241248148002,4.168794940415932
RMSE,1.9703838411538042,2.041762704237672
