,train,test
MAE,1.5349399727218005,1.5349399727218005
MSE,3.807811391674494,2.883847930683625
RMSE,1.9513614200538285,1.6981896038674906
