,train,test
MAE,1.625728650526567,1.625728650526567
MSE,4.886779814839226,4.074767982359329
RMSE,2.2106062098074424,2.0186054548522674
