,baseline,corrupted,imputed
F1_micro,0.685,0,0.6945
F1_macro,0.6813462524283315,0,0.6918093882167218
F1_weighted,0.6835409039552418,0,0.6941560635949814
