,baseline,corrupted,imputed
F1_micro,0.685,0,0.69125
F1_macro,0.6813462524283315,0,0.687713948369285
F1_weighted,0.6835409039552418,0,0.6899711655326964
