,train,test
MAE,0.4873928193490867,0.4873928193490867
MSE,0.4476290218088191,0.4587281958885512
RMSE,0.6690508364906355,0.6772947629271551
