,train,test
MAE,0.6138508451302241,0.6138508451302241
MSE,0.6974150030293067,0.567253743706386
RMSE,0.8351137665188538,0.7531624948883117
