,train,test
MAE,0.5314244716725451,0.5314244716725451
MSE,0.49156663742510703,0.4178561722007193
RMSE,0.7011181337157861,0.6464179547326322
