,baseline,corrupted,imputed
F1_micro,0.9148351648351648,0,0.9294871794871795
F1_macro,0.9091870731584633,0,0.915374450320387
F1_weighted,0.914869126984273,0,0.9294114552003709
