,baseline,corrupted,imputed
F1_micro,0.9148351648351648,0,0.9221611721611722
F1_macro,0.9091870731584633,0,0.9127620744478359
F1_weighted,0.914869126984273,0,0.9221854851446827
