,baseline,corrupted,imputed
F1_micro,0.9148351648351648,0,0.9258241758241759
F1_macro,0.9091870731584633,0,0.9244452480686589
F1_weighted,0.914869126984273,0,0.9257936396026327
