,train,test
MAE,0.08466878727634194,0.13045641025641025
MSE,0.04267434640159046,0.08676641264957266
RMSE,0.20657770063971198,0.29456139028999145
