,train,test
MAE,0.09408221343873517,0.11865624999999999
MSE,0.09485242197628459,0.08836696625
RMSE,0.3079812039334293,0.2972658174933674
