,train,test
MAE,0.07766901960784313,0.060152
MSE,0.03453148517647058,0.02057946528
RMSE,0.18582649212765812,0.14345544702101765
