,baseline,corrupted,imputed
F1_micro,0.70375,0,0.70275
F1_macro,0.7019925873751293,0,0.7013497577245122
F1_weighted,0.7037614737012776,0,0.7031178579764694
