,baseline,corrupted,imputed
F1_micro,0.70375,0,0.70375
F1_macro,0.7019925873751293,0,0.7019925873751293
F1_weighted,0.7037614737012776,0,0.7037614737012776
