,train,test
MAE,1.5924394502552277,1.5924394502552277
MSE,4.653354611150234,3.8229967304818477
RMSE,2.157163556884418,1.9552485086253992
