,train,test
MAE,1.5775782322061473,1.5775782322061473
MSE,4.381724470886894,3.7827567868176453
RMSE,2.093256905132978,1.9449310493736391
