,train,test
MAE,1.4283044886589051,1.4283044886589051
MSE,3.508930380140746,4.554407661017083
RMSE,1.8732139173465336,2.134105822356774
