,baseline,corrupted,imputed
MAE,4.788414292977605,0,4.7871813576024005
MSE,41.03081248022339,0,40.83715327887647
RMSE,6.4055298360263215,0,6.390395393000066
