,baseline,corrupted,imputed
MAE,4.788414292977605,0,4.793484327434143
MSE,41.03081248022339,0,40.994579479082944
RMSE,6.4055298360263215,0,6.402700951870464
