,baseline,corrupted,imputed
MAE,4.788414292977605,0,4.788414292977605
MSE,41.03081248022339,0,41.03081248022339
RMSE,6.4055298360263215,0,6.4055298360263215
