,train,test
MAE,0.5075916680476864,0.5016496744123503
MSE,0.34267226117885957,0.3430038254222767
RMSE,0.5853821496927111,0.5856652844605669
