,train,test
MAE,0.5016170684067576,0.5078863883322069
MSE,0.3361913323544153,0.34028188030650636
RMSE,0.579820086194343,0.5833368497759304
