,train,test
MAE,0.49960441328059324,0.49168149088519914
MSE,0.3333789026841657,0.3254967837269857
RMSE,0.5773897320564038,0.5705232543262244
