,baseline,corrupted,imputed
F1_micro,0.705,0,0.706
F1_macro,0.7030834183243146,0,0.7032822032198305
F1_weighted,0.7049593920492482,0,0.7052083210050072
