,baseline,corrupted,imputed
F1_micro,0.705,0,0.701
F1_macro,0.7030834183243146,0,0.6989884497210355
F1_weighted,0.7049593920492482,0,0.7010472251690897
