,train,test
MAE,0.33155720716065545,0.33155720716065545
MSE,0.2156501960177195,0.23994049306026835
RMSE,0.46438151989255505,0.4898372107754456
