,train,test
MAE,0.3387192939244663,0.3387192939244663
MSE,0.2247799981214325,0.16458759107468118
RMSE,0.47410968996787284,0.4056939623345178
