,train,test
MAE,0.3199322019587977,0.3199322019587977
MSE,0.2017456410951496,0.214294183687275
RMSE,0.44916104138176277,0.46291919779511737
