,train,test
MAE,2.0192222595214844,2.0192222595214844
MSE,4.077258533347049,0.8770136304165135
RMSE,2.0192222595214844,0.9364900588989258
