,train,test
MAE,0.8956372737884521,0.8956372737884521
MSE,0.8021661261992108,8.998280607335118
RMSE,0.8956372737884521,2.99971342086792
