,train,test
MAE,3.039288282394409,3.039288282394409
MSE,9.237273263499958,1.062778408705526
RMSE,3.039288282394409,1.0309114456176758
