,baseline,corrupted,imputed
MAE,0.0,0.0,0.003340479200398561
MSE,0.0,0.0,0.10295607894422595
RMSE,0.0,0.0,0.008046538908075686
