,baseline,corrupted,imputed
MAE,4.788414292977605,0.0,4.789693326004716
MSE,41.03081248022339,0.0,40.95418174606093
RMSE,6.4055298360263215,0.0,6.399542060298951
