{"mean": 0.00055694580078125, "std": 6.794594873587567e-05}