,train,test
MAE,0.004154171803555133,0.008173738277935619
MSE,0.004765828210439253,0.00942076230991665
RMSE,0.004097192357148024,0.008153638380284375
