,train,test
MAE,0.5029377165783457,0.5004058512099188
MSE,0.33741416540581354,0.3362608298185896
RMSE,0.5808639893144859,0.5798417961875738
