,baseline,corrupted,imputed
F1_micro,0.72775,0,0.7275000000000001
F1_macro,0.726030768338275,0,0.7257261347308034
F1_weighted,0.7277991447256034,0,0.727498281673794
