,baseline,corrupted,imputed
F1_micro,0.72775,0,0.72725
F1_macro,0.726030768338275,0,0.7255527199600956
F1_weighted,0.7277991447256034,0,0.7273391166042448
