,baseline,corrupted,imputed
F1_micro,0.70525,0,0.70325
F1_macro,0.7036508325508575,0,0.7009110487280948
F1_weighted,0.7054519479642718,0,0.7025574810975082
