,train,test
MAE,0.657711718121513,0.657711718121513
MSE,0.8946959368406975,0.6256586171658212
RMSE,0.9458836803966424,0.7909858514321361
