,train,test
MAE,1.2265111485731255,1.2265111485731255
MSE,2.422614972203799,2.9220025439311104
RMSE,1.556475175582251,1.7093865987339172
