,train,test
MAE,0.7048298802495376,0.7048298802495376
MSE,0.9203634887065439,0.936553056013928
RMSE,0.9593557675370196,0.967756713236301
