,baseline,corrupted,imputed
F1_micro,0.72775,0,0.7282499999999998
F1_macro,0.7260206201159712,0,0.7264768092136519
F1_weighted,0.7278145291776207,0,0.7282596665716865
