,baseline,corrupted,imputed
F1_micro,0.72775,0,0.7275000000000001
F1_macro,0.7260206201159712,0,0.7258194822536805
F1_weighted,0.7278145291776207,0,0.7276141393888218
