,train,test
MAE,0.6899999999999995,0.6899999999999995
MSE,0.4760999999999993,0.9025000000000003
RMSE,0.6899999999999995,0.9500000000000002
