,train,test
MAE,0.0,0.0
MSE,0.0,0.10890000000000005
RMSE,0.0,0.33000000000000007
