,train,test
MAE,0.0,0.0
MSE,0.0,0.025600000000000046
RMSE,0.0,0.16000000000000014
