,train,test
MAE,0.049767399999999906,0.3672628
MSE,0.0024767941027599907,0.13488196426384
RMSE,0.049767399999999906,0.3672628
