{"mean": 2.0951759020487466, "std": 0.12392306777421552}