,baseline,corrupted,imputed
F1_micro,0.0,0.0,0.00014433756729751875
F1_macro,0.0,0.0,0.0001161269989377622
F1_weighted,0.0,0.0,0.00011569509850582301
