{"mean": 0.5658525625864664, "std": 0.07083503415827944}