,train,test
MAE,0.5033222956847166,0.5033222956847166
MSE,0.537152988759565,0.7892612579705998
RMSE,0.5033222956847166,0.6110100926607788
