,baseline,corrupted,imputed
F1_micro,0.7055,0,0.70575
F1_macro,0.70385237573236,0,0.7031056359731652
F1_weighted,0.7057038468438924,0,0.705041008631065
