,train,test
MAE,0.45892843426581836,0.45892843426581836
MSE,0.37887606306888166,0.2962595500177338
RMSE,0.6155290919760671,0.5442972992930737
