,train,test
MAE,0.488886166852096,0.488886166852096
MSE,0.4189542974584604,0.43498057181421257
RMSE,0.6472667900166518,0.659530569279554
