,train,test
MAE,0.49187300418104446,0.49187300418104446
MSE,0.4306550536675191,0.291919838383787
RMSE,0.6562431360917378,0.5402960654898266
