,baseline,corrupted,imputed
F1_micro,0.7175,0,0.72125
F1_macro,0.7154312430684848,0,0.7191979424334172
F1_weighted,0.7174392870862277,0,0.7209501981506545
