,baseline,corrupted,imputed
F1_micro,0.7175,0,0.7175
F1_macro,0.7154312430684848,0,0.7154312430684848
F1_weighted,0.7174392870862277,0,0.7174392870862277
