,train,test
MAE,1.4579307364879153,1.4579307364879153
MSE,3.638374003168655,2.9887936445518473
RMSE,1.907452228279559,1.7288127847027992
