,train,test
MAE,1.6245639747535288,1.6245639747535288
MSE,4.459641894163578,4.346342065365249
RMSE,2.111786422478272,2.0847882543235055
