,train,test
MAE,1.489129812918359,1.489129812918359
MSE,3.870350869303526,4.166938422719273
RMSE,1.967320733714644,2.0413080176003016
