,baseline,corrupted,imputed
F1_micro,0.9304029304029304,0,0.9514652014652014
F1_macro,0.9247358910775241,0,0.9375313926824316
F1_weighted,0.9304166752507215,0,0.9516194300454631
