,baseline,corrupted,imputed
F1_micro,0.9304029304029304,0,0.9368131868131868
F1_macro,0.9247358910775241,0,0.9244944058632869
F1_weighted,0.9304166752507215,0,0.9372182719479134
