,baseline,corrupted,imputed
F1_micro,0.9304029304029304,0,0.9423076923076923
F1_macro,0.9247358910775241,0,0.9308671266086412
F1_weighted,0.9304166752507215,0,0.9426604871470552
