,train,test
MAE,0.24486570915619388,0.18092519083969466
MSE,0.21052041012567324,0.09177093557251909
RMSE,0.4588250321480654,0.30293718090145205
