,train,test
MAE,0.2548667953667954,0.23586299212598427
MSE,0.23580504316602313,0.1534262680314961
RMSE,0.4855976144566848,0.3916966530767095
