,train,test
MAE,0.25693387755102043,0.23531532846715328
MSE,0.1922230873469388,0.16775903386861313
RMSE,0.4384325345443,0.40958397657698126
