,baseline,corrupted,imputed
F1_micro,0.7162499999999999,0,0.7185
F1_macro,0.7142447789487743,0,0.7162367404532256
F1_weighted,0.7162660993711246,0,0.7181909049445092
