,baseline,corrupted,imputed
F1_micro,0.7162499999999999,0,0.71975
F1_macro,0.7142447789487743,0,0.7175829787474366
F1_weighted,0.7162660993711246,0,0.7195418236944571
