,train,test
MAE,1.4682624124618897,1.4682624124618897
MSE,3.6455801858934707,3.1918213623930516
RMSE,1.9093402488538995,1.7865669207709662
