,train,test
MAE,0.5822152916727394,0.5822152916727394
MSE,0.5387210915788965,1.206886990745259
RMSE,0.7339762200363827,1.0985840845129966
