,train,test
MAE,0.9383248350837013,0.9383248350837013
MSE,1.4138033778969021,1.3020191916904245
RMSE,1.1890346411677424,1.141060555663206
