,baseline,corrupted,imputed
F1_micro,0.0,0.0,0.0017499999999999977
F1_macro,0.0,0.0,0.001761756679693266
F1_weighted,1.3597399555105182e-16,0.0,0.0017812128609997983
