,baseline,corrupted,imputed
F1_micro,0.7162499999999999,0.0,0.715
F1_macro,0.7142988181646946,0.0,0.7129468306953392
F1_weighted,0.7162957470601393,0.0,0.7148361885200485
