{"mean": 1471.7776721318562, "std": 201.96515614980942}