,train,test
MAE,0.031758003251325134,0.031758003251325134
MSE,0.08033906985340253,0.3176703258908539
RMSE,0.05531384429198309,0.21259677436292718
