,train,test
MAE,0.5400784498572754,0.5400784498572754
MSE,0.5114870942176717,0.5180861008690881
RMSE,0.7137558032250478,0.6985374066977901
