,baseline,corrupted,imputed
F1_micro,0.686,0,0.686
F1_macro,0.6827734529001159,0,0.6827734529001159
F1_weighted,0.6848599687300945,0,0.6848599687300945
