,train,test
MAE,0.7239304352622522,0.7239304352622522
MSE,0.9577289627308051,1.0226905552934442
RMSE,0.9786362770359605,1.0112816399467777
