,train,test
MAE,0.8208758144527094,0.8208758144527094
MSE,1.0367480012099464,1.4109200361102703
RMSE,1.018208230771067,1.1878215506170404
