,train,test
MAE,0.7134259939193726,0.7134259939193726
MSE,0.837766502338342,0.929796051005972
RMSE,0.9152958550863989,0.9642593276738224
