,baseline,corrupted,imputed
F1_micro,0.7275000000000001,0,0.72725
F1_macro,0.7257227131101955,0,0.7254785894945578
F1_weighted,0.7275743057532461,0,0.7273426224920445
