,train,test
MAE,0.6999999999999993,0.6999999999999993
MSE,0.489999999999999,0.9801000000000004
RMSE,0.6999999999999993,0.9900000000000002
