,train,test
MAE,0.0,0.0
MSE,0.0,0.011807442892189764
RMSE,0.0,0.10866205819967595
