,baseline,corrupted,imputed
MAE,4.7458863199676005,0,4.745909123510467
MSE,40.323467403590996,0,40.32393686431054
RMSE,6.350076173054226,0,6.350113137914201
