,baseline,corrupted,imputed
F1_micro,0.7165000000000002,0.0,0.7184166666666667
F1_macro,0.7145123067672453,0.0,0.7164093638845074
F1_weighted,0.716537058891587,0.0,0.7183120080827071
