,baseline,corrupted,imputed
F1_micro,1.3597399555105182e-16,0.0,0.00215541952606287
F1_macro,0.0,0.0,0.002111365151955395
F1_weighted,0.0,0.0,0.001988515628942491
