{"mean": 0.8774809837341309, "std": 0.5411129578716304}