,train,test
MAE,0.009558027059583845,0.009558027059583845
MSE,0.008871962816480615,0.041231105069822575
RMSE,0.00840684065750314,0.03912747490432838
