,train,test
MAE,0.40743502722596797,0.40743502722596797
MSE,0.2809204639727288,0.28432234432234443
RMSE,0.5299748553716189,0.5322609367538493
