,baseline,corrupted,imputed
MAE,4.745869457304027,0,4.7459017891598965
MSE,40.32346728759943,0,40.323637441834364
RMSE,6.35007616392114,0,6.350089561717564
