,baseline,corrupted,imputed
MAE,4.745869457304027,0,4.745869457304027
MSE,40.32346728759943,0,40.32346728759943
RMSE,6.35007616392114,0,6.35007616392114
