,train,test
MAE,0.059152803938865656,0.00973601034736632
MSE,0.00349905421382988,9.478989748402405e-05
RMSE,0.059152803938865656,0.00973601034736632
