,train,test
MAE,0.8584332629393339,0.11952202990341187
MSE,0.7369076669206716,0.014285515632232083
RMSE,0.8584332629393339,0.11952202990341187
