,train,test
MAE,0.24579106952285767,0.6878151790962219
MSE,0.06041324985719025,0.47308972059516785
RMSE,0.24579106952285767,0.6878151790962219
