,train,test
MAE,0.6699999999999999,0.6699999999999999
MSE,0.4488999999999999,0.9408999999999995
RMSE,0.6699999999999999,0.9699999999999998
