,train,test
MAE,0.0,0.0
MSE,0.0,0.03240000000000006
RMSE,0.0,0.18000000000000016
