{"mean": 2.021907011667887, "std": 0.13579778966673015}