,baseline,corrupted,imputed
MAE,4.937485499741393,0,4.931324332831399
MSE,43.08124380950745,0,43.14240363153092
RMSE,6.563630383370734,0,6.568287724478193
