,baseline,corrupted,imputed
MAE,4.937485499741393,0,4.9094582938721985
MSE,43.08124380950745,0,42.94912645299388
RMSE,6.563630383370734,0,6.553558304691725
