,train,test
MAE,0.4150881465949687,0.4178642635864309
MSE,0.2407914717300939,0.24049610499288693
RMSE,0.4907050761201619,0.49040402220300655
