,train,test
MAE,0.3947960212349209,0.40058723809490826
MSE,0.21919101505227379,0.23343356570613863
RMSE,0.4681784008818367,0.48314963076270545
