,train,test
MAE,0.3973249401523214,0.3991806611448427
MSE,0.2230257374465822,0.22065727743732694
RMSE,0.4722560083753114,0.46974171353769184
