,baseline,corrupted,imputed
F1_micro,0.7275000000000001,0.0,0.7275000000000001
F1_macro,0.7257284438763859,0.0,0.7257284438763859
F1_weighted,0.7275291414519359,0.0,0.7275291414519359
