{"mean": 10.187138160069784, "std": 1.102459947702582}