,train,test
MAE,1.9777695337931316,1.9777695337931316
MSE,4.548218254034964,3.691926806670987
RMSE,1.9777695337931316,1.6974557240804036
