,train,test
MAE,0.9772250957952292,0.9772250957952292
MSE,3.9576011599037586,4.4259707366343415
RMSE,0.9772250957952292,1.1026587446651341
