,baseline,corrupted,imputed
F1_micro,0.68675,0,0.68675
F1_macro,0.6833863368335285,0,0.6833863368335285
F1_weighted,0.6857173744789753,0,0.6857173744789753
