,baseline,corrupted,imputed
F1_micro,0.68675,0,0.69375
F1_macro,0.6833863368335285,0,0.6902938167835492
F1_weighted,0.6857173744789753,0,0.6923564041509663
