,train,test
MAE,1.4998795462559835,1.4998795462559835
MSE,3.9165739327468625,2.583351285514397
RMSE,1.979033585553025,1.6072807114858303
