,train,test
MAE,1.505504142604472,1.505504142604472
MSE,3.9937265160700584,3.5930687692086707
RMSE,1.9984310135879242,1.895539176384564
