,train,test
MAE,1.4330833879992075,1.4330833879992075
MSE,3.4448763292056963,3.8591472771544955
RMSE,1.8560378038191183,1.9644712462020144
