,baseline,corrupted,imputed
F1_micro,0.68325,0,0.68725
F1_macro,0.6799928162405272,0,0.6843354724662186
F1_weighted,0.6821466969533596,0,0.6865053367027296
