,train,test
MAE,0.33672519447519444,0.33672519447519444
MSE,0.23990388964708256,0.26778549265806206
RMSE,0.4897998465159851,0.5174799442085288
