,train,test
MAE,0.3311559621198404,0.3311559621198404
MSE,0.23180209604766963,0.22441393943688587
RMSE,0.4814583014630339,0.47372348415176324
