,train,test
MAE,0.3411873538821213,0.3411873538821213
MSE,0.273461018813806,0.2486814647696477
RMSE,0.5229350043875491,0.49867972163468577
