,train,test
MAE,0.07411837577819824,0.07411837577819824
MSE,0.005493533627998204,0.41681208571480965
RMSE,0.07411837577819824,0.6456098556518555
