,train,test
MAE,0.45267677307128906,0.45267677307128906
MSE,0.20491626087823533,1.5921483931460898
RMSE,0.45267677307128906,1.2618036270141602
