,train,test
MAE,0.299760103225708,0.299760103225708
MSE,0.08985611948588712,1.3202824740810684
RMSE,0.299760103225708,1.1490354537963867
