,baseline,corrupted,imputed
F1_micro,0.0,0.0,0.0040000000000000036
F1_macro,0.0,0.0,0.004014882659974438
F1_weighted,1.3597399555105182e-16,0.0,0.004077059854887758
