,baseline,corrupted,imputed
F1_micro,0.68325,0.0,0.68725
F1_macro,0.6799928162405272,0.0,0.6841138979275226
F1_weighted,0.6821466969533597,0.0,0.6863154038311304
