{"mean": 1.5870845317840576, "std": 0.05744188755816673}