,train,test
MAE,0.33635617015905206,0.33635617015905206
MSE,0.24838900150285273,0.24696029895486524
RMSE,0.4980643841221894,0.4966277166649926
