,train,test
MAE,0.005025867027838837,0.005025867027838837
MSE,0.022087650484205603,0.021736943575990892
RMSE,0.02193869088517808,0.02195028456470587
