,baseline,corrupted,imputed
MAE,0.0,0.0,1.4716138356248626e-05
MSE,0.0,0.0,0.00010259198184738948
RMSE,1.0877919644084146e-15,0.0,8.078002660396127e-06
