,baseline,corrupted,imputed
MAE,4.745875485765436,0.0,4.745885783742288
MSE,40.323470697991894,0.0,40.323589039444194
RMSE,6.350076432452755,0.0,6.350085750554924
