{"mean": 48.16665172576904, "std": 9.944644686757584}