,train,test
MAE,0.097434362638483,0.30863626327491767
MSE,0.030747600891488577,0.2709116933280336
RMSE,0.097434362638483,0.30863626327491767
