,train,test
MAE,0.12967124644120534,0.3549624558858871
MSE,0.02314360216879408,0.18950257376074323
RMSE,0.12967124644120534,0.3549624558858871
