,baseline,corrupted,imputed
F1_micro,0.0,0.0,0.00038188130791300514
F1_macro,0.0,0.0,0.00037673814118746135
F1_weighted,0.0,0.0,0.0003703008924053308
