,baseline,corrupted,imputed
F1_micro,0.72775,0.0,0.7276666666666666
F1_macro,0.7260206201159712,0.0,0.7259544961847636
F1_weighted,0.7278145291776207,0.0,0.7277476363872596
