{"mean": 0.5036284923553467, "std": 0.05837364820913581}