,train,test
MAE,0.4666666666666668,0.4666666666666668
MSE,0.38666666666666677,0.5333333333333335
RMSE,0.4666666666666668,0.5333333333333335
