,baseline,corrupted,imputed
F1_micro,0.72775,0,0.72775
F1_macro,0.7260549318949153,0,0.7260549318949153
F1_weighted,0.727797740660838,0,0.727797740660838
