,train,test
MAE,0.7052907943725586,0.7052907943725586
MSE,0.49743510462667473,0.12641566903857893
RMSE,0.7052907943725586,0.35554981231689453
