,train,test
MAE,1.0994675159454346,1.0994675159454346
MSE,1.2088288186192244,0.004691929120781424
RMSE,1.0994675159454346,0.0684976577758789
