,train,test
MAE,0.1560966968536377,0.1560966968536377
MSE,0.024366178768616464,0.09006850592072624
RMSE,0.1560966968536377,0.30011415481567383
