,baseline,corrupted,imputed
F1_micro,0.0,0.0,0.0048283019789569686
F1_macro,0.0,0.0,0.005272529273930164
F1_weighted,1.3597399555105182e-16,0.0,0.005347012404501567
