,baseline,corrupted,imputed
F1_micro,0.685,0.0,0.6902500000000001
F1_macro,0.6813462524283315,0.0,0.686956529671446
F1_weighted,0.6835409039552417,0.0,0.6892227110276399
