{"mean": 1277.9739389419556, "std": 204.53517113145094}