,train,test
MAE,0.5442227120506187,0.5442227120506187
MSE,0.5455368874210776,0.48127937059855214
RMSE,0.7350942455750918,0.692291737516033
