,train,test
MAE,0.06419310156626583,0.06419310156626583
MSE,0.13335235287403488,0.07720961859476086
RMSE,0.08809089802696006,0.05492978380056173
