,baseline,corrupted,imputed
F1_micro,0.683,0,0.689
F1_macro,0.6794214442593554,0,0.6868759015622637
F1_weighted,0.6815289359956561,0,0.6888133339945217
