,train,test
MAE,0.43764258555133084,0.43764258555133084
MSE,0.33604562737642585,0.3620740740740741
RMSE,0.5796944258628212,0.6017259127493797
