,train,test
MAE,0.4173745173745174,0.4173745173745174
MSE,0.30555984555984556,0.2753333333333334
RMSE,0.5527746788338315,0.5247221486971303
