,train,test
MAE,0.4217118997912318,0.4217118997912318
MSE,0.3250104384133612,0.36842105263157887
RMSE,0.5700968675702062,0.6069769786668839
