,baseline,corrupted,imputed
F1_micro,0.72775,0.0,0.7278333333333333
F1_macro,0.7259747208283672,0.0,0.7260617507184989
F1_weighted,0.7277920023267703,0.0,0.7278782229710643
