,baseline,corrupted,imputed
F1_micro,0.0,0.0,0.00014433756729739054
F1_macro,1.3597399555105182e-16,0.0,0.00017772133340233708
F1_weighted,0.0,0.0,0.00017673466617400358
