{"mean": 10.350471496582031, "std": 0.35899074546879806}