,train,test
MAE,0.9855740070343018,0.9855740070343018
MSE,1.6086246050882476,9.851476747092079
RMSE,0.9855740070343018,3.0353466669718423
