,train,test
MAE,0.9777027782613161,0.9777027782613161
MSE,2.0298709762251237,5.931367489088558
RMSE,0.9777027782613161,0.9783767360237612
