,baseline,corrupted,imputed
F1_micro,0.0,0.0,0.002645751311064593
F1_macro,0.0,0.0,0.0024236543484630097
F1_weighted,0.0,0.0,0.0023338713860206013
