{"mean": 1.5802915891011555, "std": 0.0630044058560502}