,train,test
MAE,0.33006956768130646,0.33006956768130646
MSE,0.21405861174476723,0.20627408927407487
RMSE,0.46255075041406357,0.4528167903016936
