,train,test
MAE,0.009481482455133848,0.009481482455133848
MSE,0.011599364477289216,0.03831130897280671
RMSE,0.01257467909057066,0.0429716830298781
