,train,test
MAE,0.17954397201538086,0.17954397201538086
MSE,0.032236037887059865,0.185517332083748
RMSE,0.17954397201538086,0.43071722984313965
