,train,test
MAE,0.04073524475097656,0.04073524475097656
MSE,0.0016593601649219636,0.2731239001159338
RMSE,0.04073524475097656,0.5226125717163086
