,train,test
MAE,0.4605557918548584,0.4605557918548584
MSE,0.21211163741105565,0.3984397205285859
RMSE,0.4605557918548584,0.631220817565918
