,baseline,corrupted,imputed
F1_micro,0.70425,0,0.70425
F1_macro,0.7026591359400651,0,0.7026591359400651
F1_weighted,0.7044307623847936,0,0.7044307623847936
