,train,test
MAE,1.4143684713664053,1.4143684713664053
MSE,3.6690269201470707,3.1311021240522896
RMSE,1.91547041745548,1.7694920525541473
