,train,test
MAE,1.5698088396016265,1.5698088396016265
MSE,4.344032050897325,3.772439033934531
RMSE,2.084234164122958,1.9422767655343383
