,train,test
MAE,1.552360675168463,1.552360675168463
MSE,3.962119739138632,3.8245326036068534
RMSE,1.990507407456358,1.9556412256870772
