,baseline,corrupted,imputed
F1_micro,1.3597399555105182e-16,0.0,1.3597399555105182e-16
F1_macro,1.3597399555105182e-16,0.0,2.4626525497840227e-05
F1_weighted,0.0,0.0,2.3338079365858956e-05
