,baseline,corrupted,imputed
F1_micro,0.7272500000000001,0.0,0.7272500000000001
F1_macro,0.7255906086902831,0.0,0.725564221171752
F1_weighted,0.7273502101722986,0.0,0.7273246722356724
