{"mean": 2521.799677213033, "std": 963.9819734624432}