,train,test
MAE,0.25213653253815765,0.25213653253815765
MSE,0.13874856639503155,0.17375004276763947
RMSE,0.25213653253815765,0.1741846353096258
