,train,test
MAE,0.2950425942738851,0.2950425942738851
MSE,0.129432019796108,0.23040130076462143
RMSE,0.2950425942738851,0.458447862516546
