,baseline,corrupted,imputed
F1_micro,0.7167500000000001,0,0.7167500000000001
F1_macro,0.7148161713548726,0,0.7146104186150839
F1_weighted,0.7168240220119187,0,0.716433881563326
