,baseline,corrupted,imputed
F1_micro,0.7167500000000001,0,0.71825
F1_macro,0.7148161713548726,0,0.7161634451709881
F1_weighted,0.7168240220119187,0,0.7179628534990814
