,train,test
MAE,0.37265635738831615,0.37265635738831615
MSE,0.3263964593356243,0.2180131642512078
RMSE,0.5713111755738935,0.46691879834850064
