,train,test
MAE,0.2870728354978355,0.2870728354978355
MSE,0.16586188852942693,0.27850661236118884
RMSE,0.4072614498444788,0.5277372569387051
