,train,test
MAE,0.29830587121212115,0.29830587121212115
MSE,0.1781446923137626,0.1597496567102981
RMSE,0.4220719041985176,0.39968694838623153
