,baseline,corrupted,imputed
F1_micro,0.7162499999999999,0,0.7162499999999999
F1_macro,0.7142988181646946,0,0.7142988181646946
F1_weighted,0.7162957470601394,0,0.7162957470601394
