,baseline,corrupted,imputed
F1_micro,0.7162499999999999,0,0.713
F1_macro,0.7142988181646946,0,0.7109544464371186
F1_weighted,0.7162957470601394,0,0.7128514248249097
