,baseline,corrupted,imputed
F1_micro,0.7162499999999999,0,0.71575
F1_macro,0.7142988181646946,0,0.7135872274842039
F1_weighted,0.7162957470601394,0,0.7153613936750963
