,train,test
MAE,0.5037240906195207,0.5037240906195207
MSE,0.4491133276778598,0.2818892336721833
RMSE,0.6701591808502363,0.5309324191195931
