,train,test
MAE,0.5540913535702613,0.5540913535702613
MSE,0.4832054893561507,0.39313574122557216
RMSE,0.6951298363299843,0.627005375754923
