,train,test
MAE,0.5624199053820442,0.5624199053820442
MSE,0.6021424656190046,0.879233327709509
RMSE,0.775978392494923,0.9376744252188545
