{"mean": 1963.4869323571522, "std": 716.2574851153615}