,train,test
MAE,0.4738033957408724,0.4738033957408724
MSE,0.5962140233901584,0.062485925071662174
RMSE,0.4738033957408724,0.15227073107364675
