,train,test
MAE,0.653618335723877,0.653618335723877
MSE,0.5768767006715052,0.07372536802669553
RMSE,0.653618335723877,0.24138720830281576
