,baseline,corrupted,imputed
MAE,4.750125333801834,0,4.750003792563195
MSE,40.387090785245924,0,40.38244308450868
RMSE,6.355083853518058,0,6.354718175065569
