,baseline,corrupted,imputed
MAE,4.750125333801834,0,4.747848610786592
MSE,40.387090785245924,0,40.348172337933235
RMSE,6.355083853518058,0,6.352021122283303
