,train,test
MAE,0.40897950800000005,0.4332593111111111
MSE,0.2823721867459592,0.2582522582743511
RMSE,0.5313870404384728,0.5081852597964163
