,train,test
MAE,0.38601797499999996,0.45520245000000004
MSE,0.2495310431977537,0.26333077557082996
RMSE,0.4995308230707628,0.5131576517707107
