,train,test
MAE,0.4505357298245614,0.3745181764705882
MSE,0.28840088093528493,0.20445955755470352
RMSE,0.5370296834768865,0.45217204419855894
