,baseline,corrupted,imputed
MAE,4.7458863199676005,0,4.745893960462253
MSE,40.323467403590996,0,40.3237323362345
RMSE,6.350076173054226,0,6.350097033607794
