,baseline,corrupted,imputed
F1_micro,1.3597399555105182e-16,0.0,0.00024999999999991696
F1_macro,0.0,0.0,0.0002070267180230113
F1_weighted,0.0,0.0,0.0002130221615230571
