{"mean": 0.0008703867594401041, "std": 0.00011357895100288513}