,train,test
MAE,3.3429381002979355,3.3429381002979355
MSE,21.890780797245043,4.629035271483016
RMSE,3.3429381002979355,1.9903952330353978
