,train,test
MAE,4.009154335047755,4.009154335047755
MSE,36.08464430569891,3.9688824790651878
RMSE,4.009154335047755,1.0005214299001646
