,baseline,corrupted,imputed
F1_micro,0.72775,0,0.72725
F1_macro,0.726030768338275,0,0.7255439563575119
F1_weighted,0.7277991447256034,0,0.7272833075312257
