,train,test
MAE,0.0,0.0
MSE,0.0,0.12960000000000024
RMSE,0.0,0.3600000000000003
