,train,test
MAE,0.4650000000000003,0.4650000000000003
MSE,0.24345000000000044,0.9216
RMSE,0.49340652610195623,0.96
