,train,test
MAE,0.6600000000000001,0.6600000000000001
MSE,0.4356000000000002,9.999999999999574e-05
RMSE,0.6600000000000001,0.009999999999999787
