,baseline,corrupted,imputed
MAE,0.0,0.0,9.03136465760924e-06
MSE,0.0,0.0,8.046735828243818e-05
RMSE,0.0,0.0,6.3359303902320685e-06
