,baseline,corrupted,imputed
MAE,4.745872652272619,0.0,4.745880195231588
MSE,40.32346948274568,0.0,40.32355737668019
RMSE,6.350076336765227,0.0,6.3500832574583965
