{"mean": 57.91868472099304, "std": 12.842249053356642}