,train,test
MAE,0.19123687409559886,0.23923735025751589
MSE,0.06253673745387593,0.08115252615165514
RMSE,0.19123687409559886,0.23923735025751589
