,train,test
MAE,0.19735195251131923,0.18941231372359796
MSE,0.09796053472010677,0.10538826200179846
RMSE,0.19735195251131923,0.18941231372359796
