,baseline,corrupted,imputed
MAE,0.0,0.0,0.001280823202151746
MSE,0.0,0.0,0.021255315939829645
RMSE,0.0,0.0,0.0016727291600497148
