,baseline,corrupted,imputed
MAE,4.750125333801834,0.0,4.749325912383873
MSE,40.387090785245924,0.0,40.372568735895946
RMSE,6.355083853518058,0.0,6.353941050288977
