{"mean": 1.6133417288462322, "std": 0.10491600207536388}