,train,test
MAE,0.032702426662365766,0.04171725110415365
MSE,0.020919489114715716,0.03262224777496307
RMSE,0.02021889601831128,0.03386603346152447
