,train,test
MAE,0.41517773760818716,0.42099331252723315
MSE,0.27343470362633265,0.24201419713329486
RMSE,0.5226491823287074,0.4911716519218953
