,train,test
MAE,0.40000000000000036,0.40000000000000036
MSE,0.16000000000000028,1.0
RMSE,0.40000000000000036,1.0
