,train,test
MAE,0.6000000000000001,0.6000000000000001
MSE,0.3600000000000001,1.4400000000000004
RMSE,0.6000000000000001,1.2000000000000002
