,train,test
MAE,0.0,0.0
MSE,0.0,0.16000000000000028
RMSE,0.0,0.40000000000000036
