,baseline,corrupted,imputed
F1_micro,0.7165000000000001,0,0.7165000000000001
F1_macro,0.7145123067672453,0,0.7145123067672453
F1_weighted,0.716537058891587,0,0.716537058891587
