,train,test
MAE,0.39795918367346944,0.39795918367346944
MSE,0.2869387755102041,0.29142857142857154
RMSE,0.5356666645500764,0.5398412465054625
