,train,test
MAE,0.40727272727272723,0.40727272727272723
MSE,0.28509090909090906,0.3215384615384616
RMSE,0.5339390499775317,0.5670436151994497
