,train,test
MAE,0.41707317073170724,0.41707317073170724
MSE,0.27073170731707313,0.2400000000000001
RMSE,0.5203188515872486,0.4898979485566357
