,baseline,corrupted,imputed
F1_micro,0.72725,0,0.72725
F1_macro,0.7255906086902832,0,0.7255418491824054
F1_weighted,0.7273502101722986,0,0.7273044516706749
