,train,test
MAE,0.025869131088256836,0.025869131088256836
MSE,0.0006692119432614163,0.15932139976939652
RMSE,0.025869131088256836,0.3991508483886719
