,train,test
MAE,0.5257129669189453,0.5257129669189453
MSE,0.2763741235867201,0.42842144426322193
RMSE,0.5257129669189453,0.6545391082763672
