,train,test
MAE,0.3335456848144531,0.3335456848144531
MSE,0.1112527238583425,0.10346105826124585
RMSE,0.3335456848144531,0.321653630884599
