,baseline,corrupted,imputed
F1_micro,0.0,0.0,0.001282900359861688
F1_macro,0.0,0.0,0.0014955082174803519
F1_weighted,1.3597399555105182e-16,0.0,0.0015111409336950057
