,baseline,corrupted,imputed
F1_micro,0.70575,0.0,0.7046666666666667
F1_macro,0.704120042944078,0.0,0.7026968099216088
F1_weighted,0.7059517547143302,0.0,0.7044709644071149
