{"mean": 0.5346066157023112, "std": 0.1033913036182143}