,train,test
MAE,0.43403152773564346,0.43403152773564346
MSE,0.3277206323524455,0.308745324850588
RMSE,0.5722822686996301,0.5505927259293193
