,train,test
MAE,0.015474036455223114,0.015474036455223114
MSE,0.020321635606290946,0.10521436276380859
RMSE,0.017901282822045506,0.09159400911885146
