,baseline,corrupted,imputed
F1_micro,0.9285714285714286,0,0.9285714285714286
F1_macro,0.9285975929942978,0,0.9261096236170967
F1_weighted,0.9285018861391706,0,0.9286429231581511
