,baseline,corrupted,imputed
F1_micro,0.9285714285714286,0,0.9322344322344323
F1_macro,0.9285975929942978,0,0.9243381276476386
F1_weighted,0.9285018861391706,0,0.9322421940889957
