,baseline,corrupted,imputed
F1_micro,0.9285714285714286,0,0.9313186813186813
F1_macro,0.9285975929942978,0,0.9349250616300533
F1_weighted,0.9285018861391706,0,0.9312986810194186
