,train,test
MAE,0.28040831683168316,0.2834638888888889
MSE,0.355157336,0.3259811772222222
RMSE,0.5959507832027742,0.5709476133781647
