,train,test
MAE,0.276731021194605,0.2961781021897811
MSE,0.35136959190751443,0.4178809880291971
RMSE,0.5927643645729005,0.646437149326365
