,train,test
MAE,0.32404169884169887,0.23508372093023255
MSE,0.5021007280308879,0.2394682911627907
RMSE,0.7085906632399893,0.4893549745969593
