,train,test
MAE,1.9409284591674805,1.9409284591674805
MSE,3.76720328360625,0.938727872504387
RMSE,1.9409284591674805,0.9688796997070312
