,train,test
MAE,1.0194859504699707,1.0194859504699707
MSE,1.0393516032056596,8.797351649555821
RMSE,1.0194859504699707,2.9660329818725586
