,train,test
MAE,2.9728941917419434,2.9728941917419434
MSE,8.838099875292983,1.3397008979527527
RMSE,2.9728941917419434,1.157454490661621
