,baseline,corrupted,imputed
F1_micro,1.3597399555105182e-16,0.0,1.3597399555105182e-16
F1_macro,0.0,0.0,8.353015428560473e-05
F1_weighted,0.0,0.0,8.235716010916811e-05
