{"mean": 1454.8444657325745, "std": 279.24360072668776}