,train,test
MAE,0.41870664560158033,0.41870664560158033
MSE,0.41161508826663495,0.2080433155656221
RMSE,0.41870664560158033,0.24246581132187026
