,train,test
MAE,0.4139077663421631,0.4139077663421631
MSE,0.2881964757523103,0.2139870663502279
RMSE,0.4139077663421631,0.41808366775512695
