,baseline,corrupted,imputed
MAE,4.939457403117119,0,4.935873672408958
MSE,43.0883310066581,0,43.32610987394749
RMSE,6.564170245100145,0,6.582257202050638
