,train,test
MAE,0.3904802294342022,0.38557696551724135
MSE,0.23583534269890932,0.23114503293351918
RMSE,0.48562881164415,0.4807754495952546
