,train,test
MAE,0.3929665023817292,0.3735862240740741
MSE,0.24003640998978415,0.21311587437342366
RMSE,0.4899351079375555,0.46164474910197306
