,train,test
MAE,0.382070490397351,0.37447668465753425
MSE,0.2303958083937443,0.228146070994138
RMSE,0.4799956337236249,0.4776463869790475
