,baseline,corrupted,imputed
MAE,0.0,0.0,2.4072066642144747e-06
MSE,0.0,0.0,3.679190313518461e-05
RMSE,1.0877919644084146e-15,0.0,2.896964135317796e-06
