,baseline,corrupted,imputed
MAE,4.745873217903513,0.0,4.745873074367487
MSE,40.3234727134211,0.0,40.32349467034304
RMSE,6.3500765911460535,0.0,6.350078320016017
