{"mean": 53.20754893620809, "std": 6.562114484044173}