,train,test
MAE,0.2175010082566058,0.050488501591675054
MSE,0.17045285740531954,0.011047830491214133
RMSE,0.2175010082566058,0.050488501591675054
