,train,test
MAE,0.3366147058734894,0.1107074426199595
MSE,0.14484725260538917,0.01395553038010001
RMSE,0.3366147058734894,0.1107074426199595
