,baseline,corrupted,imputed
MAE,4.9371054213022845,0,4.921060871035883
MSE,43.081079385765186,0,43.137090382210545
RMSE,6.5636178579930435,0,6.567883249739641
