,baseline,corrupted,imputed
MAE,4.9371054213022845,0,4.9345659724940365
MSE,43.081079385765186,0,43.334262512276815
RMSE,6.5636178579930435,0,6.582876461872638
