,train,test
MAE,0.4984072589414686,0.512894412536788
MSE,0.33464350959657263,0.3456902387201818
RMSE,0.5784838023631886,0.5879542828487447
