,train,test
MAE,0.5046239931075648,0.49493318100847356
MSE,0.33807027854868754,0.3313779528298749
RMSE,0.5814381123977749,0.5756543692441454
