,train,test
MAE,0.5001054467773507,0.493161684363278
MSE,0.3342546253566291,0.3299489660239249
RMSE,0.5781475809485231,0.5744118435616773
