,baseline,corrupted,imputed
MAE,4.853012078308603,0,4.853012078308603
MSE,41.943200547691696,0,41.943200547691696
RMSE,6.4763570429441035,0,6.4763570429441035
