,baseline,corrupted,imputed
MAE,4.853012078308603,0,4.84334243927001
MSE,41.943200547691696,0,41.80796758359814
RMSE,6.4763570429441035,0,6.465908102006875
