,baseline,corrupted,imputed
MAE,4.853012078308603,0,4.855367234246665
MSE,41.943200547691696,0,42.150759764714294
RMSE,6.4763570429441035,0,6.492361647714512
