,train,test
MAE,0.3793900590507726,0.3835856077253219
MSE,0.22344428657793095,0.22486374296111195
RMSE,0.47269893862577156,0.4741979997438959
