,train,test
MAE,0.38168090583941605,0.3794209571428571
MSE,0.22515734922607122,0.22213658531524957
RMSE,0.474507480685048,0.471313680382025
