,train,test
MAE,0.37837763184782613,0.3853887140350877
MSE,0.22622139484135964,0.22995708819865948
RMSE,0.4756273697353419,0.47953841159875765
