,baseline,corrupted,imputed
F1_micro,0.72775,0.0,0.7279166666666667
F1_macro,0.7259995085791906,0.0,0.726139669096247
F1_weighted,0.7278319234338144,0.0,0.7279763012197975
