,baseline,corrupted,imputed
F1_micro,0.0,0.0,0.00014433756729739054
F1_macro,0.0,0.0,0.0001215055321682695
F1_weighted,0.0,0.0,0.0001252664952978692
