{"mean": 1931.2814126809437, "std": 606.3999178542595}