,train,test
MAE,0.21388657329873914,0.21388657329873914
MSE,0.11371039641909317,0.1070162831139328
RMSE,0.21388657329873914,0.10036781822727646
