,train,test
MAE,0.22694500287373862,0.22694500287373862
MSE,0.08200234515434583,0.28569365090942256
RMSE,0.22694500287373862,0.5281835397084554
