,baseline,corrupted,imputed
F1_micro,0.728,0,0.728
F1_macro,0.7261729228423456,0,0.7263221826205173
F1_weighted,0.7280064798772168,0,0.7281547940305028
