,train,test
MAE,0.8717830181121826,0.8717830181121826
MSE,0.7600056306687861,0.16902234786903136
RMSE,0.8717830181121826,0.41112327575683594
