,train,test
MAE,0.05051589012145996,0.05051589012145996
MSE,0.002551855154763416,0.44083588986632094
RMSE,0.05051589012145996,0.6639547348022461
