,train,test
MAE,0.3194243907928467,0.3194243907928467
MSE,0.10203194143338123,0.03210296131533141
RMSE,0.3194243907928467,0.17917299270629883
