,baseline,corrupted,imputed
F1_micro,0.7167500000000001,0.0,0.71725
F1_macro,0.7148161713548727,0.0,0.7151966783803149
F1_weighted,0.7168240220119187,0.0,0.7170735856914421
