{"mean": 1.881245215733846, "std": 0.4396957852732743}