,train,test
MAE,0.31934502136609094,0.31934502136609094
MSE,0.2234676800596046,0.2187564777742316
RMSE,0.46688150987229665,0.4647810012244791
