,train,test
MAE,0.04650934512757151,0.04650934512757151
MSE,0.08935024913026156,0.05938196708691992
RMSE,0.09074141115529187,0.06405191654044028
