,baseline,corrupted,imputed
MAE,4.745869791598198,0,4.74586838189183
MSE,40.323468427802815,0,40.32346755862221
RMSE,6.350076253699857,0,6.350076185261261
