,baseline,corrupted,imputed
MAE,4.745869791598198,0,4.7458940788281865
MSE,40.323468427802815,0,40.323697764045164
RMSE,6.350076253699857,0,6.350094311429174
