,baseline,corrupted,imputed
MAE,4.745869791598198,0,4.745869791598198
MSE,40.323468427802815,0,40.323468427802815
RMSE,6.350076253699857,0,6.350076253699857
