,train,test
MAE,0.08458312563228607,0.02218095353698729
MSE,0.007154305141727088,0.000491994699809989
RMSE,0.08458312563228607,0.02218095353698729
