,train,test
MAE,0.3980434164886475,0.5315518786625861
MSE,0.15843856140995488,0.2825473997097247
RMSE,0.3980434164886475,0.5315518786625861
