,train,test
MAE,0.22030716497612002,0.0073845192298889195
MSE,0.04853524693981536,5.453112425659924e-05
RMSE,0.22030716497612002,0.0073845192298889195
