,baseline,corrupted,imputed
MAE,4.745863144693567,0.0,4.745879689790619
MSE,40.32346372177068,0.0,40.32361584363782
RMSE,6.350075883150585,0.0,6.350087861090194
