{"mean": 1.8842895030975342, "std": 0.03561928623128425}