,baseline,corrupted,imputed
MAE,0.0,0.0,1.4636062002314361e-05
MSE,0.0,0.0,9.2596058316091e-05
RMSE,0.0,0.0,7.29093289235707e-06
