,baseline,corrupted,imputed
MAE,4.745871920584184,0.0,4.745885641732641
MSE,40.323469006735024,0.0,40.3235280873966
RMSE,6.350076299284523,0.0,6.35008095124473
