{"mean": 50.10343027114868, "std": 7.647697397618249}