,train,test
MAE,0.5651246763887405,0.35275771496295927
MSE,0.6601646364810045,0.18725327408731332
RMSE,0.5651246763887405,0.35275771496295927
