,train,test
MAE,0.714981192008775,0.30695749368949665
MSE,1.0914101937199445,0.23834760948856795
RMSE,0.714981192008775,0.30695749368949665
