,baseline,corrupted,imputed
MAE,0.0,0.0,1.735417317485945e-05
MSE,0.0,0.0,9.716840845431253e-05
RMSE,0.0,0.0,7.650955858815247e-06
