,baseline,corrupted,imputed
MAE,4.745869457304027,0.0,4.745881979511308
MSE,40.32346728759943,0.0,40.3235252625418
RMSE,6.35007616392114,0.0,6.350080728817766
