{"mean": 56.45185128847758, "std": 21.381765173206464}