,train,test
MAE,0.4181334618424981,0.36396003274182476
MSE,0.4079975725369707,0.269080805600058
RMSE,0.4181334618424981,0.36396003274182476
