,train,test
MAE,0.3877923788003524,0.27235773978233335
MSE,0.26693999033056387,0.16249000870829464
RMSE,0.3877923788003524,0.27235773978233335
