,baseline,corrupted,imputed
F1_micro,0.72775,0,0.72775
F1_macro,0.7259747208283673,0,0.7259747208283673
F1_weighted,0.7277920023267703,0,0.7277920023267703
