,train,test
MAE,2.028314269641853,2.028314269641853
MSE,4.1140587764327625,8.830916080014235
RMSE,2.028314269641853,2.971685730358147
