,baseline,corrupted,imputed
MAE,0.0,0.0,1.160672762472511e-05
MSE,0.0,0.0,0.00023537714653873524
RMSE,0.0,0.0,1.8533358451954774e-05
