{"mean": 0.0005528926849365234, "std": 3.1689946055711345e-05}