,baseline,corrupted,imputed
F1_micro,0.72775,0.0,0.7276666666666668
F1_macro,0.7259747208283672,0.0,0.7258817114206514
F1_weighted,0.7277920023267703,0.0,0.727700303414967
