,baseline,corrupted,imputed
F1_micro,0.0,0.0,0.00014433756729732644
F1_macro,1.3597399555105182e-16,0.0,0.00013562185184949315
F1_weighted,0.0,0.0,0.0001330034839932186
