{"mean": 0.0010765393575032551, "std": 7.416976806555824e-05}