,train,test
MAE,3.676292268266767,3.676292268266767
MSE,22.90969982481,6.202530626735123
RMSE,3.676292268266767,2.3052482446819593
