,train,test
MAE,3.753912955122693,3.753912955122693
MSE,35.23539779562861,4.552818868650637
RMSE,3.753912955122693,1.1543577156535156
