,baseline,corrupted,imputed
F1_micro,0.728,0,0.7275000000000001
F1_macro,0.7261880604753267,0,0.7257165140726656
F1_weighted,0.7280234600451516,0,0.7275573794661849
