,baseline,corrupted,imputed
F1_micro,0.728,0,0.7282499999999998
F1_macro,0.7261880604753267,0,0.7264612350843648
F1_weighted,0.7280234600451516,0,0.7282888622530348
