,train,test
MAE,1.0282517657353587,1.0282517657353587
MSE,1.057301693737883,8.831287567855014
RMSE,1.0282517657353587,2.9717482342646413
