,train,test
MAE,7.972310769423089,7.972310769423089
MSE,63.55773900425937,0.9453882323361193
RMSE,7.972310769423089,0.972310769423089
