,baseline,corrupted,imputed
MAE,4.850611222452022,0,4.841441590486845
MSE,41.91116236416393,0,41.78193049618209
RMSE,6.473883097814165,0,6.463894375388732
