,baseline,corrupted,imputed
MAE,4.850611222452022,0,4.850611222452022
MSE,41.91116236416393,0,41.91116236416393
RMSE,6.473883097814165,0,6.473883097814165
