,baseline,corrupted,imputed
MAE,4.850611222452022,0,4.853790911904383
MSE,41.91116236416393,0,42.135627866402984
RMSE,6.473883097814165,0,6.491196181475567
