,train,test
MAE,0.5011149150501424,0.5113901008915954
MSE,0.3345139580772248,0.3456437706565213
RMSE,0.5783718164617159,0.5879147647886735
