,train,test
MAE,0.5217051042255437,0.49253272746781124
MSE,0.35868536125729034,0.3242211185094523
RMSE,0.5989034657248948,0.5694041785142188
