,train,test
MAE,0.49296524433909766,0.4971637230983512
MSE,0.32574074132031117,0.3288438316945319
RMSE,0.570737015901642,0.5734490663472492
