,baseline,corrupted,imputed
MAE,4.7458863199676005,0,4.7458863199676005
MSE,40.323467403590996,0,40.323467403590996
RMSE,6.350076173054226,0,6.350076173054226
