{"mean": 2.279342254002889, "std": 0.4519079038981773}