,train,test
MAE,0.261940260392505,0.15042069662135374
MSE,0.13591556683552303,0.07957482512119583
RMSE,0.261940260392505,0.15042069662135374
