,train,test
MAE,0.18472446666666664,0.3031993333333333
MSE,0.07986492859494666,0.10701409304847999
RMSE,0.18472446666666664,0.3031993333333333
