{"mean": 0.0005451838175455729, "std": 2.7436098490148094e-05}