,baseline,corrupted,imputed
MAE,4.7458863199676005,0.0,4.745896467980107
MSE,40.323467403590996,0.0,40.323712201378676
RMSE,6.350076173054226,0.0,6.350095448192074
