{"mean": 0.0008883476257324219, "std": 0.0003415868504507731}