,baseline,corrupted,imputed
MAE,4.7458717591763095,0,4.745857002930946
MSE,40.32346858007471,0,40.323453750671696
RMSE,6.350076265689626,0,6.350075098034014
