,baseline,corrupted,imputed
MAE,4.7458717591763095,0,4.745903298021467
MSE,40.32346858007471,0,40.32364687202999
RMSE,6.350076265689626,0,6.350090304242136
