,train,test
MAE,0.06727766207981109,0.05974123767471312
MSE,0.004526283814925251,0.0035690154789065624
RMSE,0.06727766207981109,0.05974123767471312
