,train,test
MAE,0.3931914189014435,0.721192111240387
MSE,0.15459949189773042,0.5201180613153666
RMSE,0.3931914189014435,0.721192111240387
