,train,test
MAE,0.25571010369968417,0.24973526145076752
MSE,0.06538765713410323,0.06236770081188321
RMSE,0.25571010369968417,0.24973526145076752
