,baseline,corrupted,imputed
F1_micro,0.7055000000000001,0.0,0.7058333333333332
F1_macro,0.7038523757323599,0.0,0.7037856475847137
F1_weighted,0.7057038468438924,0.0,0.7057335182222388
