,baseline,corrupted,imputed
F1_micro,1.3597399555105182e-16,0.0,0.00038188130791300514
F1_macro,1.3597399555105182e-16,0.0,0.0006492245546130973
F1_weighted,0.0,0.0,0.0007078118667055664
