{"mean": 1448.7847379048665, "std": 157.64836558491479}