,train,test
MAE,0.4798958684329863,0.4798958684329863
MSE,0.4094951380649537,0.3410533200719111
RMSE,0.639679672694819,0.5813746446874847
