,train,test
MAE,0.018219639704815525,0.018219639704815525
MSE,0.027154608065248713,0.08137232170193195
RMSE,0.021391157261930395,0.06771457656677751
