{"mean": 0.0006623268127441406, "std": 0.00022750642397005138}