,baseline,corrupted,imputed
MAE,4.852471765781764,0.0,4.852804745252941
MSE,41.93067276531296,0.0,41.98049259457595
RMSE,6.475389777095504,0.0,6.479232352542915
