,baseline,corrupted,imputed
MAE,0.0,0.0,0.005629537617133735
MSE,0.0,0.0,0.10130478948558555
RMSE,0.0,0.0,0.007815017961790977
