{"mean": 51.16727693875631, "std": 2.3373252740544146}