,train,test
MAE,0.38480862650097825,0.39012115740802233
MSE,0.21211231670455213,0.21693509572045508
RMSE,0.4605124792236599,0.4652489747276072
