,train,test
MAE,0.003989078676277318,0.021140503990427554
MSE,0.007211466734757547,0.024515173480079717
RMSE,0.007801267572998217,0.026790499305688855
