{"mean": 1.8609156608581543, "std": 0.14099436353943554}