,baseline,corrupted,imputed
MAE,4.745875485765436,0,4.745879226814147
MSE,40.323470697991894,0,40.32365285670032
RMSE,6.350076432452754,0,6.350090775469302
