,train,test
MAE,0.07237862757968902,0.1389867006883621
MSE,0.00523866573031932,0.019317302968236357
RMSE,0.07237862757968902,0.1389867006883621
