,train,test
MAE,0.07446278921699523,0.2174463663406372
MSE,0.005544706977974661,0.047282922234746595
RMSE,0.07446278921699523,0.2174463663406372
