,train,test
MAE,0.24217232252693177,0.7084543006286621
MSE,0.05864743379808827,0.5019074960792468
RMSE,0.24217232252693177,0.7084543006286621
