,baseline,corrupted,imputed
F1_micro,0.728,0,0.72775
F1_macro,0.7261880604753267,0,0.7259497887247638
F1_weighted,0.7280234600451516,0,0.7277816773564366
