,train,test
MAE,2.037302255630493,2.037302255630493
MSE,4.150600480797095,0.9997463387198877
RMSE,2.037302255630493,0.999873161315918
