,train,test
MAE,2.9375996589660645,2.9375996589660645
MSE,8.629491756357538,1.0870200544595718
RMSE,2.9375996589660645,1.0426025390625
