,train,test
MAE,1.0574097633361816,1.0574097633361816
MSE,1.1181154075986797,8.917614561331902
RMSE,1.0574097633361816,2.9862375259399414
