,train,test
MAE,0.5262274529086752,0.4744815470913248
MSE,0.276915332194752,0.22513273853017707
RMSE,0.5262274529086752,0.4744815470913248
