,train,test
MAE,0.8880990020640163,0.7924459979359837
MSE,0.7887198374671016,0.6279706596447571
RMSE,0.8880990020640163,0.7924459979359837
