{"mean": 0.0005220572153727213, "std": 1.2684077545583425e-05}