,train,test
MAE,0.526645060803802,0.527063424155341
MSE,0.36435380675524137,0.3172881533440513
RMSE,0.526645060803802,0.527063424155341
