,baseline,corrupted,imputed
MAE,0.0,0.0,0.001220537677774557
MSE,0.0,0.0,0.020861901548048727
RMSE,0.0,0.0,0.0016417911181901665
