,baseline,corrupted,imputed
MAE,4.75006021582391,0.0,4.74926063954976
MSE,40.385936597640395,0.0,40.37118902431843
RMSE,6.354993044657122,0.0,6.35383248341763
