{"mean": 0.0005174477895100912, "std": 1.1325091644497622e-05}