,train,test
MAE,0.536991948312645,0.49108617039482655
MSE,0.3707433751845355,0.3250185219380399
RMSE,0.608855824304627,0.5673350551193691
