,train,test
MAE,0.02164723064246485,0.09271742870514159
MSE,0.009157681683486229,0.07526575406625269
RMSE,0.007545899038737007,0.06873271241638336
