,baseline,corrupted,imputed
F1_micro,0.7162499999999999,0.0,0.7181666666666667
F1_macro,0.7142447789487743,0.0,0.7160214993831455
F1_weighted,0.7162660993711246,0.0,0.7179996093366969
