,baseline,corrupted,imputed
F1_micro,0.0,0.0,0.0017736497211494312
F1_macro,0.0,0.0,0.0016794764102642992
F1_weighted,0.0,0.0,0.001646219295171258
