{"mean": 328.19756531715393, "std": 3.8054807307181324}