,train,test
MAE,0.445856356368388,0.445856356368388
MSE,1.6020388135364718,1.1195510141568545
RMSE,0.5926492688688696,0.38553060859495275
