,train,test
MAE,0.9962675130727768,0.9962675130727768
MSE,1.8660348851230897,1.9002425149429119
RMSE,1.2774503700193416,1.3420705203157228
