,baseline,corrupted,imputed
F1_micro,0.0,0.0,0.0021262251370288334
F1_macro,1.3597399555105182e-16,0.0,0.0025599667953996054
F1_weighted,1.3597399555105182e-16,0.0,0.0025641369200996174
