,baseline,corrupted,imputed
F1_micro,0.70525,0.0,0.7053333333333334
F1_macro,0.7036508325508576,0.0,0.7035295166476659
F1_weighted,0.7054519479642719,0.0,0.7052267774772121
