{"mean": 307.5471085707347, "std": 4.973654681577334}