,train,test
MAE,0.31567500666669535,0.31567500666669535
MSE,0.8748290234395709,1.245783585484059
RMSE,0.3487011754566754,0.4872923074313583
