,train,test
MAE,0.8630175823147255,0.8630175823147255
MSE,1.41255813258368,1.4947380723702866
RMSE,1.1539048745053044,1.1560430544674514
