,baseline,corrupted,imputed
MAE,0.0,0.0,0.0064122060018884375
MSE,0.0,0.0,0.1789727479714354
RMSE,1.0877919644084146e-15,0.0,0.013813677142372409
