,baseline,corrupted,imputed
MAE,4.850611222452022,0.0,4.84861457494775
MSE,41.91116236416393,0.0,41.942906908916335
RMSE,6.473883097814164,0.0,6.476324551559489
