{"mean": 0.0005484422047932943, "std": 1.7894634007132376e-05}