,train,test
MAE,0.5052617545382613,0.5003621838192526
MSE,0.3396466868849421,0.33290290695350183
RMSE,0.5826707660294176,0.5769226698833806
