,train,test
MAE,0.014811890320897747,0.009827143346281889
MSE,0.017061526146807025,0.011273401226873212
RMSE,0.01456701580457323,0.009731900749631404
