{"mean": 1.5736145973205566, "std": 0.06386745426205558}