,train,test
MAE,0.2233333333333333,0.2233333333333333
MSE,0.1496333333333333,0.34858541666666665
RMSE,0.2233333333333333,0.46416666666666656
