,train,test
MAE,0.38682468035704926,0.38682468035704926
MSE,0.25917253583922295,0.4991231066961545
RMSE,0.38682468035704926,0.44688039041037975
