,baseline,corrupted,imputed
MAE,4.786149252019913,0,4.784436037200617
MSE,41.01802899665654,0,40.822015772422645
RMSE,6.404531910815695,0,6.389210888084901
