,baseline,corrupted,imputed
MAE,4.786149252019913,0,4.7905478667152
MSE,41.01802899665654,0,40.97313797251511
RMSE,6.404531910815695,0,6.401026321810832
