,baseline,corrupted,imputed
MAE,4.786149252019913,0,4.786149252019913
MSE,41.01802899665654,0,41.01802899665654
RMSE,6.404531910815695,0,6.404531910815695
