,train,test
MAE,0.39017481226575806,0.38694848819875777
MSE,0.23092177487166515,0.23889197846755947
RMSE,0.48054320812146034,0.4887657705563673
