,train,test
MAE,0.3721172116743472,0.36389381111111113
MSE,0.22276548988624145,0.20238204582136662
RMSE,0.47198039142134013,0.4498689207106517
