,train,test
MAE,0.36949127021943573,0.3657697683544304
MSE,0.2104663261096257,0.21661728221649698
RMSE,0.45876609084546094,0.46542161769356716
