,baseline,corrupted,imputed
F1_micro,0.0,0.0,0.00014433756729751875
F1_macro,0.0,0.0,0.00014036266116120065
F1_weighted,0.0,0.0,0.00013157280367650893
