,baseline,corrupted,imputed
F1_micro,0.7275000000000001,0.0,0.7274166666666667
F1_macro,0.7257227131101955,0.0,0.7256406620997536
F1_weighted,0.7275743057532461,0.0,0.72749448318837
