{"mean": 1.5159834225972493, "std": 0.007476231495769907}