,train,test
MAE,0.40414518843273767,0.40414518843273767
MSE,0.282901631902916,0.531620732769356
RMSE,0.40414518843273767,0.4569416102328689
