,train,test
MAE,0.2333333333333331,0.2333333333333331
MSE,0.163333333333333,0.36916914763073
RMSE,0.2333333333333331,0.479554019399892
