{"mean": 1.9818702538808186, "std": 0.1049482086174854}